"name","author","source","tags","url","date","data"
"KICKSTART [item=processing-unit] from raw materials (by sOvr9000)","sOvr9000","factorioblueprints.tech","['State: Mid game', 'Meta: Inputs are marked', 'Meta: Compact']","https://factorioblueprints.tech/blueprint/b4be8382-7050-4c14-b524-cd1ac8a35164","08/05/2022","0eJy1Xd9vGzmS/lcMP90BVq75mx1gHg73tNiHBe72nnaDgSwribCy5JPkzASD/O/XLTtumqom6ytqgM0CE8esZrGqWD8+Vv1xe799Xj8dNrvT7cc/bh/Wx9Vh83Ta7He3H2//97g+3ux32+83p836cKNuHvcPz9vh7+7Xq+XzcX1z+rof/n95GP58/rw/PCzvt+ubx83D4svycf3hn7u/7J6eT8eP/9z9Y3NaP/6yOex3i/1h/el37T50ruv/4/jzR6v909P68PJD4z70Kob0h8vt8DvDryhz/tvP2+fNwy+rw/PDerHfDD+z6kNv+y754W/L0/rw6ffYffAunH/rb8+nd1/zdNiv1sfjZvdl8bzbnD79rj446wayt3e3m9V+d7z9+I8/bo+bL7vlduTN6fvTemDK+LvDv9gNOxz+K1vk9sfwu7uH9e+3H9WPT3e3691pM/DuZanzf3z/dff8eL8+DP/gbZH79XKgNyz6tD9uXnj/x+2wxMJF88Hd3X6//Rid/+DGxQfqx/HHx6f1+mHxciC3H/WPH3cXBDSHQNdAwDAIhNBAwHII2AYCjkNANRDwDAI+NhAIHAKugUDkENANBHoGAdc3EFAdh4JvocDRZdeiy4qjzK5FmRVHm22LNqtJnZ82gy2ldG1SheHEyUXcu0UWp/3iy2H/vHuoGJ/+/LkPm8N69fJPPLX4pK7H5/vjaXn+p9TCb8sOi+7Wmy9f7/fPh9HMa9V9olYO9b3r6t4jsnczv3dNLd4jiyuMsbqrbt/72va1Ar7QF46e2r7WyOIO3L6pb796+toiXwievnbIF8aZL/T1RbrqNgOyTVVdLiLfNLexvr6Iqi1iOmBjyYXHkjCjmJbLBdBymUkx1r8/HQZnd3E6LHfHp/3htLhfb08kFQt+vpEQKWihpYggCuQ0pkCmrkCuKqyG4y7a3LJBLvukXWOIc1ruTovV/vF+s1ue9gcyQnizy6OIZ4y4G1c5HfbbX+/XX5ffNsMSw+993myH4EsaP62GIzmdw6MpkiK3Mmn2dv9lczxtVovV1/XxtDgOW1l+Ic8g2mw398tXD/Gw/r/n4Zd/TT/+5wfMfu7b13Y/SN3pBWId9TzDKd2xk10ZznP1r8Vmd1wfhj2UA0riNKnF1cUOBoVZH14UZ34PXWEPdz9FYX+OyG8pshKjExXIuMnoLI/H9eP9djzXx+Xq62a3Xpiyf/pKYiCweaIl400thx89PA/f8W0g/qadlox3Jwv1eTkIcukkQ0Evyd060dodS0q8SEpCroyolAQZWcchu9nNUY2tm73gKWuzEluSbPWSKJUP6XCVyM3VdVXCKUBsS1aHWluL1maphLv0aDhS4nMDA0qJszKyfZNKONe6WZFKOJnZSTZbIDu/2QDriM9t9ZV1JPLl2JdsLrV2L1qbpSO+k51fyUFiiI2X+TS+4DoxxMZfujTgZkU64oV2yDTpiLe4juTG+7o64gH3x5WMMLW2F63N05FLH4cRGYO+oZe5NC60aYTEo3EF15TaWpDZmGRrEvkPlyYGSZrwTi2IMjMl55ciIrMfLr8KqoYqXHou0G540oBYATBUDh62eS6PWK9r80IQ7ZbHSU5dcEpVjdcYWtmczEM9r5EE5oaTC4ycmmASPRm8bqqQz9fg53PKgYmfK/h8A3x+4t/yPp9T2E9cEMHnO+TzO/Dz39c5uCUK5uKcir7LGQ7xJgK8cShvOOX8JAspwAtwVDdJQAoocMr5U21ZQkEWDCRWzkqCgZ6F2LEtG2NBdlQLBVmuIbGwBdbNOnS9MMOpGg+MBe+JLexk4XtcC4VLN58Vgfo21qlOmF0ITYKiOo7xSKJ6CZ5J4vgnl5xj4UE6Yeaga+QfBHN4r1/kejJ7MRXgCXZxtiEzGAlZodSD7oNE/ITZgpIAsrYmMySuUSDVpR2pa5uNoLYpScbAloSUpCKxHLbkdZBUJGgOW5J8koqs1GF9m2KrS3vC2FxAD+rSfDColK5MkookuWhLFyRJ5dJeMKjYeY7RVCTZROvmqVDRjdIiY2BBjmmRMXAolUtjcHzabk4zkaBNgjbO6iIjUPLSSSqSrGGyEyYVmQ9hWTfevKnRMh/CqsaLVovMQumaJamIzEIpoCKpSMyCKdzeJBUjMQumcHuTxsdIzIJBb28R4NOgtzeB+CwZHxMg42MkZsGg16eRuAIGvT6NzAqYwgXKMT5GBq4yhRuVZXyMxCwY9IYVITMNesNakVnQoPEhMJoMKgY0PiJIpkHvcyvxGgx6n9tL81A0PgoyPlZkFtDrk8BcMqig1ycBsaxT0YXrk5YtWUZBs3I0BVsjwlRq9EJ1Eiug0QvVSayALgTDNBUsZtBJ3MtZnVOf0C3FI0UAJBlsKlxq9EYcZyMtNSqVgB/nSaiWIpVynFyiaikXKccpP6iWepFynIpk11JDUZ5TkuzeF1HIdTi1g07X12HAA2zf19eR3MZJASCwcl1eopK+q3+95B5OEvBhbl3Jzev6TMCqT5FZifyJC1EgtiCGR0JClrO3eYECLYMEjkYmeTnB1giMH2trub0EyxEE6o9FNi/hpj4ZhyyrPYBqYqgol5dXUmt6FS6tApjLE0qkKKOf33zV3XGsRpISkhyTzFk3+Q2Lyr3MkpiC3eXIPQsomCQGBAyNovi9ZCFJKjK7YVjmqiD3URTRF6wVvTsO7ijJRkiOSWY4TMlAcQRQmP7LoyRU7jmGJAlSJQwVZfpKdpik0hjj86j0jTE+kwonPkhiesGhCJGJOlfYumFIwIh4K4LLngzNrQjGLnNI/wHVS/yVpAEBsy2PJIqJDqUi8U6STgVMKpJsYgIWZlKR2JUEMMykIurtoDAqmgAxMl59R5SKxAMJPUpFUkEIJZ0nqUj8jQTMzaTC6GX2XtPJVYRY5pJ21+92nWATV1/Xj5vVcrt42g72twycDtRLuLcXS1/Xy2/fx26ci9VhufrXZvfltvZoydBMATHPeBMcLUQw+vL9U73ytBDB6BvPO0EwlptDjfm+FzIDkXfNoZS/M+rOBEu1udEEeBGECsv4mcAZIawwq12UJmCM4K4izxXSBJQRyijybFaCXCxkFHNLCCkWAVsEUc9slsngCS53v+rKI/EmdMHLo2VNFKXk+csaFQK9yHLuC34eJwegRXhGbar3J4FgZKybZwEqUZcWIRmTr2dSmWxA/VWeRm2Z5ui+yi0KpPtCtKLOc8awcMksgSpc5jy6MidCFVxNRj5Ia+RZtCp4DqScGE66U+URGSQnBIqRxbc8xwryTQRrVAUPhW70KvMZVEGfWZuTOBAqd1SqwuEA0esK7gm9OgfQ0DW5J0JMY5e7J6ipMMiL6w7WWVlU0TUqlK33dJ4SRONDWLqpsUJW6eZW0fVVuvq3GCCcmFI5gdVIRdt6yiD5xtmduvoqqr7KpGtjxH5Yf97s1ofv5dRI0ESQ9hb/Lx++LXerQQXHBaf2JcIkgEW6QE+ZlsujICMhW28Knaw5y8R6V+hQFzrHuXGndEfAG6loBzVOd/VPnrStnj+a2ngQepLIz/F5+/n5sFktlqvNg1BqHKPPuqueq7SHYlfcaP2WSECD9VZ7BetD93cX9kp8b5EY14KrTzrwdQPFwgW63DRhWjGp73a/+7L4uhz48VBuhtJXdUPY0zBZmclnoosh0mKMeWkJuxY6x9GFwuZE/eDrJttzYAIu1y1IrAjUIYtjJhMA1HokqMTH9cPm+XGx3g4LjBb1ab8l9XB62P260XcpX2MCmez1QFcx28/LAenLCjsRJjsRck+IU8zVFpRzHkwxVyZIHgPQQNkW7mryuKRgxHJNqX5cwq6ElqVkheNioYxymceOC3ACpqeE3OMSYol863EJ3xKGxuPiOBEml3nsuID2yKbgs5HHFWW+hFFtbIsslFEuexDbCDAiUu5gOi8i6KGuxz9R9IbIzp8KffoyR0I71JNMEIbcxqVaZ0fxFsa9OB373TiMZXNYPUt7l+oEgMiohxRiLzIcgnogqtxPqgqezJtQ+c1Rt6w9PrBhKnz8aWfXI71PFZq9SSCKjNVzSa2dXS/M4OfXCOPs8CbpKpfzP+HsoCR/QTPos/PI6rmkVs9OmN/P7zLG2UX47Lpczv+Es0Nqg11BM8gJZ8KGil3u9lS5a0R4xC5PVVX3I3FCuoJzRVMROCG2L+gVOdquE7gkKRWWS2IIvCKDSiFGpjmWwBNRYHi4aFIsAYafR4gnyPCfg8ah8XRdPRE6gcHP302ugsx8nWDfBB/I1esljKT6NveNilEJNPVVkCpF8lV6bj2oJjj7VfWSQlJvm10FgQvPr1Kv/SWrzPJFiP6lmme+XWHbzZevpyugf42CCn/m3W6rDoLBJih389pErw4VBOfORyNzYqcG00R1llwdqgWW7Cq5OgTItSB/OWOUXVWLsDnKGuUAUsQz84uT969GVDcp3RVVd1jgPDt1nIQq09kEgcetpPluXm7prUeYRlJTY9IQDSSq221Rd0BXt+SGk6hLqlkWTtSZBDXHjXOSWox5H+e8QUSaohyTYOzqFQ3UghlgBKtFDRjRMBDr3UDYCU48ZfAMn80N39VPMcnvFR+ljDizF/HNK5RjzdNYdzd4KXdeK3ICs8EDdZPLzNW3jhQNCjJGCnACy6svXrjdSAEWjoM2pYuOI8AWN0Mm996ufYqiVoW6YI/omfUyMJIumAxOyc4kOMOyemozp56jitueBBEYi+QBtUKZJqwd8FxoYbfCJLtvWIUZQ7QnZBHKwYLo2YsaFqqCt0XaEqJhIfZuoyTZ80x1UPUggJLnkLFpCrXtQmSiajUGCTIR2hVPnxxiCxR6ZTnh86D8yqoLltAs6FZtFVqJUu6EsV0h0FEVbDmLLFJa7HKTW1NfjxiHrmBnSUEXzmLuciNUZ5LMTiT1NpkoCrGPXeGJAUsmPNNXGasktK8yXF+kn+IRT6IrxWnk6hyAUpdrDBTAS4Ysp4Uh3l0um7KcloZEBx+gx0NuJo0SkKRlLCTEyTMOwkdFrEbDJkEklkV/hP6d1/UXUbTq7oZoiRT/BI0IPcNhDTkyCRwRWp3VENuwWiEmD2scrlwBKSckyfSLDdDs6ZHV3TzzSblMwIXQI55Lubx4xCNMI8e6Nie7nJn3Z1ijkZOXI4JjF+EKna0aIhGu0Nk6S4CahEWllOhPiEzEYtq5KBpJ5OosjwBrUAskaj1o6yIuajZoNcjyXjSErGQoSCqiiYQdSkU0jAy9jEUNAU1+A1WpCEA46aMEJhXReBGPUpGotcmNd5VK20ghLpW2kUI8KrZD0vsFg0XZcivC3RnQsNgEd4dUKFg21xJwu+Jon8RecVYXaThorawEZpe++mBSkWi4Bq2V7UQDhEBrZYmGftBeWKGcJdr3QRUf3l5E84Z1wSaSexHNG9YF55Dei+idT0CpYGODAj7hxSrOy7+kkjQzk8QmED6oMsWz3yrNpK/X28UQ2R0rXbdelx7RPx8VuShrClBo4q7wNQ5TPJpf41gebt0m0L0K/1Uu4/P81xyUT1J0EfBfc2LmJHMvIQEVxtBbnxgDDNZA2EcsuZvVe20j12V1v4pNRwDlsgtaRtoeHbmy3+WKVZB91uwu18IV0yFcQS9AYbO7LjcPdcE0ms1/x+a/4dysyUMiCf8ZN2taKJCQmHQWf1ByMZnhCg9KfluO8gU8JrGs5njJIwt88oNNAHlPz49PJAE7yxRyReHbFebq0NuVOYfMcjpwJO9EBIy10MOW/JatWRjLubuTJm6SDXCsQFKfkZDg+NfJYwcJCaiW1aHHANWyCodMyroFa1kS9nBq0Un9RUICKmiVTDC1uqu/QvOuag8cx9tOXoUI2OBYFaq+iQRHY51vIsFqpdV0IzmJr+1s/YxFAzxzL6dmEQjgGYNKnqWoUmE1ymu6vwiAGWMjqAEl8GQMKuhtyZqwa5tuS6JlHqPWlEd21Y2IKlq5G12lIhrJWbDcNBWJnts841SlwnGhbZMX40VV6jx1U92IJNltC+41TYUTetsmj4xAjUF1bN5GiDm9UB2bSaWxjs2k0ljHZlJhtblr8jaJKbxQqZy5EVERGzWSvJm7TZ4zMXMXqsYzNyKqYKN2mOhqB1XjmVREpWzUSLLAZqYpWpDNz0WNpAh6ZlAjmQDROENlRewSqTxqh0VwNIPaYdGAXI0aSdmAXNRI9pw8m26KSAnAGuupZG4m67l2EWhNo4ZSBFpL2kyypsLZHpo7pd+tTq53ebOzTsEUvrv+FMASeDVstFkQjXaxPfcZ+1jGfdleDsA/P2FX/dwTdkvA18BnoKLpihbqJpdUy2ckw4lm2arczaxojSMwbGC1XzINx3XQs1JfZ5awDWVoUiMnArip3GxXz0hURM+zMlUqEldA5QmAKhWJK6DyaKBKBULImLp4SS59VTKWFBURlE3lOeMqFajbbFfljQi0pvIUa/WrJbe7yvMtVSrCl6Csu2PejCiZE9D1bVeWI+bPMlp6olcMMXuWQaV0wZBUoKFxoS7WPdNT6fysp+L9XEcPJ5wt25WsOufINfQg3FbZRMyUZe2jdG8wNIYYMssiqxs1Roic63J3nUFJcul36GVATKGFmvrOioWwtXRusOuCALxIC2+WK7LaBDuiwx1nFwmdyxa+jD0lGDvubKIJsRKp2UTB3jnj79wQvbrekwYphd79pPb5+bBbrmiCLiNYfsJKpiCcAZ62JDtk9UV2SN+7qW8rUzKICbIsydCNkiFzFKbGryWyBWOU4OnYEqlKEjnKuBsiZt9pWhoDJI2+v4Y0IqZEodIINLGbsDxMabQyZyKhI5JGYXs7X9JkjjQmGD6uNPrcXL2XRhuL0pj2ruNIo7mCNFqgs2ayO540JuC++uIdKo2tszOF0ihzOXxJk1nSGGFpdLm5yqRRD5Lohj+RlsYekkaXuwYSaXTAO9pkdzxpdMDMvQmvxpRGJwtQEjoiaXSyAMWVNJkjjQnOkC2Nubl6L42++ymNd8GRKXeXIg85Epm7BiKJ9IDQlPwfcnFkaCcaVQg739nGqELY+M6WtJkjkR6PZmwxmhllfPBdzhLplRqkkk6xeCyisdeIaDwQ0Vg0ovFIJ280ohE2wbONEY2wB55tjWgk83/LEc0g5+fO2oNEemXvgje0VGKRjblGZOORtj1oZOOR9txoZCPrlJfSEUklAYLEJrAKpTLgkY0pRjZjU+mzrRwk0qswSCXZuNEFLMIx14hwAhDhGDTCgQYDoxGODChZim9IKsIxwK0BjQg9qUveCUmlDUfFpCKcCaxzO1W1GCIApX7v55DrirBTJfNHUhFhp1D/pXEQMFM5iUHAEJVu7iQulb7UKkkndpnDm0nZ8anCMZuQudo/Pa0Pi9Xy/nxnCMY1uIgPAlG5q3LV7+nx78mV+JrfI5kknF+aV/0ehX9Pfu1d9XvwESRdHvVd9XsM/j255bnq9+B5mqlfQdR0RSV2dG0vBZlyanvTXW7E3l0vKBn5jC5ZMgqaDvd7IGeTVC9ZrcddCirlcFBfg4M9zsGuzEF/NyaXx7MJxgx/yGDAI00Tk8obi5O+w7IyPpcJASd9JygYWQ4nx8ToLBeBbE1SMWJy0WJczOVCxEUHc9HlluSy7ObsWHa7C9bRXETSvAHlIpaLcblMiLgoKBfl1oTk4jlRr8gEve+AHE2SnedxMYWtcvKsV7hdfAJiZafvyrfLmL57SypbkosKSe6CN4xXWAbGXuGG8Qp3Qmz5hhk4OCVBw13UpEPiE8BrPTuD3jApqpWTy7rGDZNgXNmJu/INc+aiHV+5DFykbxgFpHUNesMorMpsrnHDaMDxSBJOrKErPkW+lp8evQJ649yIvpdMaqRNLQGIhRI2M9NrPYF4hVI0s+s2JmWYzBclZRxKBRqT+N6CkuvJBiPOr4dg1LWqrwc9OYvV9YjJy9hjsMibuOUN9AbF1z9cNqVwfj3ZXML59ZBXo8rV13PIenVBNzLIlsovlfrBIxql6hploIdedY0yiEZ1dY2yULvUvr4e9HyjrjhW+Hwjj7SqB28RjerqGmURjerqGpUgIuGmp/Gy5a+g6enoMN2+fcTmsN8t9oc10vbUW6ztacSbw3oCZVm/yKMtsIqkIilBTi1RuVQkJcipSSqTimg8cHJITCqcTm1TY1bJ0QuRlFOLVlJPqpaD1ZwxeR0i2RmARAgltScXd5zvt03fL7u+Q0ktOScjAyiEkp4yAAqe1cQxeaEh4SiQMEuS7jyJ8JzmLlN7Wsn3e+HTjNgmEUQzRxbZvlEiPMdGJK8kJBxF3mOg953n2Iipja7o+4WvMkrXHUcihK8ySvcfSyJYjV77Jo4iSfWSYlGLB46NmFoSS75fCHJ0Zb+3KhFE60cW2dAoEYHV5LnJOUYQjQ71IwPHRrgmD4/ANbKOpnQBciRCZiMcy7EsSQTHRtgmzzIANsKinmXk2Ajb5FkSsEYWPL/RsyRQjyyyrZ5l5NgI2+RZRsBGWNSzZHWMNE2eJQGDZKGSGz1LooUki2yrZxk5NsI0eZYReUCBepasRpKmybMUNpI0jZ4l0VWSRbbVs+xZ4xObPMsesBEa9Sx7jo3QTZ6ltLtkq4vXc1pL6yYXTzQcWaO+Xs/pJq9bfL0gai+pwQspiEYk65JjR1JhDWRsceQC0WAS6cZ5uRGqgB1k/STf33HkupLyuyr4o/TXizpIFpSepsIasNri9QbRfGQFXs1B1lQSLHIExXEAVItLG0TDkVXBJpLnLuszaaq6IessiRpCorMk0r+SyyPO3d61+P+hsWckl11tPSO5VDjOfdfi3AdimjJjI6jlJbpJMqiEqm5oiWZ3BUNIf71Es7uCIaSpYMNZJYetseGsIhIAcjZ5x3PR7ZLCfAaiGyTY7/Ci6yQjkgsaB88m9d6eAM++PnCJg0cS6S5KQYMvelxGUIBvDRqpKoYCU6nFDQCeTd4n8SRDOJg5oSOSDCOL8ZN+hwWy84FkSPB/gn6HpESeH67dxcFXivTzgmDANz39FSTSIOZEoRIJvN1J3nkxJVJYWPSNEilr3uRL2sySSPwxoM9N1oVEvj68KkqlxV73JIVbuVRaoCFcskueVCaQR6T3IU8qraztW0JHJJVW1rzJlzSaI5UJalLQ+5CQytcHlWOnuUEixwdEHS2V2Bsfl7sLIqkEHhgnu2RKJfCWJ3mHyJRKWeu3hI5IKgnkI9gDUSaVDn8c6HKzddFxbpT14M4SOfwhe3uFFCGJ9UGUS6UDnhm7kl9ELo4UK9Fog5hXDfZBlEmlLMixJY1mSSUe5dhylOO7s50M3pSlEot07DUiHQQ/adFIxwORjkUjHSFy0jZGOkLkpG2NdDwe6dhypOP9q50cpdLPPV4NHot2zDWinQRmifRBZEolEO0YNNoRwihNY7RDzM4G+yAKpRKPdkw52glDpBNcUSIDFumYa0Q6AYh0DBrpBCDSMWikQ8zWZolGY6QTZJGOaY10EvQlVyJ1MdIZZTzE8+P+u2jIuQMhYFGOvkaUE4AoR6NRTgCiHI1GOURHSRbqpDHKkbaYbI1yIh7l6GKUM3ZIGOU8xDBK5PCHbMkTIhbl6GtEORGIcjQa5SCQTIVGOUQ7StbT6sYoRwjTVK1RTsSjHFWMckY5D70ZpXH4Q9dyIhbhqGtEOAhqU6ERTg9EOAqNcAi8JgTXYG5BFtCo1oCmxwMaVQxoXsxhvIuWbPgSehGyo+QGkVRECC40hiGAmxDsYmYcYOhFcI6SCSSpSGBbHerD9I2IDhaVKIJndqCdiSJ4ZldwzGgqInxHwS2jzFoUITQ7MKaKIoRmZ2oaEgmEJjZYNPIGZsYO78s6NSPoO6qQaOd6skawweIEJOnFYwWioMHi9Ka/J2YovNbt6Q0iiA6XUalJNNhYcQJbNHBP0Fhxev9Ocu+l0ewcDiciTRUnyAOXg+DgvlwORBzEmypO78WLHFS0kiHNFKfyPJeDWArC57Ig4iAeQ7jccrzn4BnjYOeqyRFppDiVkrkcBMf15bIg4aDGZ2653HpccPBcaxoz++e6PFlrihoZ5adATmos8WCvcZtoQX2kfJu8cnGq2pEtUqNGSq/ozZK2Y4SazbZwUjBxq3izvE7ZGmcazcsjkM006O0CQkjNNW4XLaiMFG+Xl6lQL1w8V0joXHRE4KUGvWXA4ePmGrdMgi1l50/Lt8w5d/ozo0/mTiMylFyjNw0IINXXuGkSACmbi+WbZsz3vWWgaZ8RAZZq9JYBR4+ra9wyBo9ZVPmWGTj4ljWlE1cRGUmu0BsGhI2qa9wwFo9dVDl2OXOQlkEERppQuZiURb1ViQSMFMlk9TMzrGKCE4W7XPYXPZjbu1y+DtIB+1zGBHbK6XPZW/idTSSGmCN9LglmkVRE3TQdSkXUTVOjVETdNA1IxXGes059LiVH72QIsKnPJakp1cRcAh7l9LkU7QzwPkJJ8cnFGY/fkpaTou+XJUlDSS05JyN8FlfSU0YpKzrOS/fpVY6Io0DmI8nzMSWC08Viajkp+X4vA18kREUSIW2v2TdKhOfYiOlFjIijyNgq9L7zHBsxtZwUfb/MRvjSdceRCGF7zdL9x5IIjo2YXqOIOIpkR0uKRS7OsRFTy0nJ9wtniLuy51uVCGl7zdAoEYFjI1yTcxyQNyeoHxk4NsI1eXhBZiNc6QLkSISwvSbLsSxJBMdG2CbPEgF2WtSzDBwbYZs8SyGI0zZ6ltL2mq2eZeTYCNvkWSKITYt6lpFjI0yTZynEbZpGz1LaXrPVs4wcG2GaPMuIjKtDPcvIsRGmybPsZTbCNHqW0vaarZ5lz7ERusmz7JFqCOpZ9hwboZs8SwKUyYL+N3qWze01pRKBtdcUcRR5IIJ6lmBXTcH39wRsk3U0bZ5lT+A4WWQbPcsebLwp4ihgIxToWfYdx0aoFs+yFwI7VZtn2RO9OFlkGz3Lnteds8Wz7DvARijQs+w7jo3oWjzLXslsRAe5eJ9ePmrcxvZ5/XTY7MZFt8th9eHv/vqX//rr//z9P//77zf/GP/VL0+H/Wr4js3uy/Apm9Onm8+H/ePNYfnbzeNy4OxmuT3e/Nv995vj374dBhvX/fuw1rf14fhCPCobeh2cH/5n448f/w8eOOUw"
"Wood Pellet 1/s","DyJohnnY","factorioblueprints.tech","['Mods: Modded']","https://factorioblueprints.tech/blueprint/898c736b-6645-40f6-a6e7-951ba147020e","08/05/2022","0eJy1nctu20oShl+F0GY2Ug77zvZyZnV2ZzHALGaCgJLaNgGKFEgq53gCv/s044mpS1NVvywDARLb8s/u6vqq2LfKj8W6PoR9VzXD4uHHYhv6TVfth6ptFg+Lfz5XfRb/lNlQ1aFc1yETv/XZPtR1GLLHststs3XZh23WNtnf2/Xf+uypC6F5bg99yHbttv9P8/tj9tIesrIL2dC9VM1TNrTZts2G55BFzX7Iyl17aIasfcz2bV0fxmfHn8bHPod63y+zMrZhGJtRh77/9ZlR57kcsk1b1l+yf5RNtg5Z+GsIzTY2Z/2S/dmV+/34sbJp47O6+PM6trntssfQxe5U/x2/dxiW44fHxgzVLvxs6lPsW2zj2IUq/nj81nP5PWR9W5ddlNtmoQ6boas22eOha8pNiI3s219fxL9D/d7c2KvYtqrvD2GxXFSbtukXD//+seirp6asR5MPL/sQbV0NYRc/0ZS78as/23a7erNzv3iNvxi79dfiQbx+XS5CM1RDFd50fn7x8q057Nahix94Vxi6sun3bTesxo5H5X3bV2/j+mMRpVbOfjHLxUv8l5BfTHzGtupit35+Qr4uL6QlIO0waQVIG0xaA9IakzaAtMSkLSCtMGkHSOeYdAFIC0za86VtgUmLHND2oDbAowV5FACQFgRSAERaEBsBIGlB2gXApAWZFACUFoRSAFRakEoBYGlBLAXApQG5lACXBuRSAlwakB0JcGnQHAxwaUAuJcClAbmUAJcG5FICXBqQSwlwaUAuJcClAbmUAJca5FIBXGqQSwVwqUF2FMClRl9gAS41yKUCuNQglwrgUoNcKoBLDXKpAC41yKUCuNQglwrgUoFcaoBLBXKpAS4VyKUGuFQglxrgUoFcaoBLhc5aAS4VyKUGuFQglxrgUoFcaoBLBXKpAS7lFS51apkA4FKCXBqASzmxE0f1NaUGkCgtqTax1+/rahjiN1OtOunvY1WPnztbAFsu2sOwPwzf9l3VdvEh8QNd9fQ8LFLPRZZ8JpuImV4gqzyTWj6jNrG3bterabH06kqXv3Cz5SL+u9r/0lmXfbU5UlttXjZ1SBpnArRq+tClB+VoaXDOLBOM/a6s69WvJdHVvq2TvdEnkvG3QxzAdXvoxnVMq76mHuJZjTVnygSPNmepSlBVsFQVZVgrAQ+Rn+AhVqEjK66NbHQUl6cG12qWwXLSYIZvsGn57p4Gs5yOHK0c8vyJBaq1oGrBUiWjovWA0e0nGN3loJfa8yhxFn+WzqW81LGwtpoymAOwnhYP72kwxeqIwvzJsSC2OahqWKqCNDqQbac23tPoDvRScx4lTrw0On1hkl7KwvpoAXbOYADW07LoHQ1WsHKzcZg/FSyIzfkbCqUqWaqGMnqhAKPrzzA6C2IjyY4Y1NvPo82pt7ullylvLwCsp4XTexqMlZvN+XsR5U8siHUBqrLeobWnBtfnfKNPbbyj0T0LYk3OXLwEvVSfR5sTL41O733KSz2Atf6MqZ5nYa3B2ZNn5WYNzp486x1ak7Mn7wCjf8bsyfMgJmc13qNeenUWFp1e5DblpiIHwFafMX8SOYtsBU6gRM7KzwqcQYmc9SKtyCmUyDVg+M+YQ4mcxbIiJzfRtUBvVVdnY9H5RV6kvRUAXH3GPCo2DO3reSw86etoOyHUUvjkm73IWflbgfM2IVgv2oqcYgnBgxecAQoBzJfVZ0zdhEDXweTVuducQyOnoST47ieQ41BH4jlPfIK+7PuwW9dV87TalZvnqgkrmXrE2WvOydD0IWxHhfGU7BB2/fhL4fFxbML3+NzVrt0eot0fZNoNp7jwWPbD6oovSjff0fQZvon4Q7MN3VPXxr8Z2yxvg/T/871vOxhpVwN2n9zJtDt5LBDYb5rUijk1ZIepOFajPQg5KSWvzCmS2uoGh7iQTp+71DdIX1jEJqUnYPcRjdXQrt68LaUtQGsjh4rf2+3m/AI5R/yuZufUCn64n/Z7zGUUAQL80Rmp0dZXnzRnhaOzUHMamtQQpIYiNSSpIUkNYMI6qX1sDI7ONs21W5DtNqRGTmogK8X+Tn13VLunJ822uyA1ClKD5MCS0UCTHEy7QLMaAhgDe58x0CQ3lowBR2eM5jTIGKCBueC0R/PBvpPcWDLuHJ0lmtMg446mOSBjgKY5IGOARvY08/uMgSG5MWQMMGT+MGQMMMB0a9p9+WDfSW4MGXcMmT8MGXcMyYEhY4AhOTBkDDDA0sak9sExILkxZAwwZP4wZAywwCLktK/ysb5bmhsy7lgyfxgy7liSA03GAEtyoMkYgBykmdQ+OAYkN5qMAZbMH5qMARaYf+g7zT8syY0m444j84cm444jOdBkDHAkB5qMAQ7ZMLvT/MPR3JAxwJH5Q5MxADmpou40/3AkN4qMO47MH4qMO47kQJExoCA5UGQMKID5h7rT/KMguVFkDCjI/KHIGFAge1F3mn8UJDeKjBkFmT8UGbsKmgOS34LmgIwjBTD/UHeaf/hTbq6vN55EA3ot09+0cmxZa5n+ppXji3antYE7Q9P67tzKpgcWi+28EeJXXbv/dv4r+RfnbeHefi1PNwA9lSXtqb3Ot7GW0qdPEhwd4oD2SdzxNknVzO2SeAf4qpwd8/Q1dpJfSfLrb9rFMWk1md+0i6Pn1G5iUXN4kflNLBqe9sQivMeoTyPj2YUifI9R5rfs+1z0MxUr5dFJDL70xfCkpW/a9pFzjnTTts/MDTGZs05LTbeRFM9pEBDtcY9pawr03sG0/6Muo6kUyUMBkneoYtqemrMvUiJmaijTEjcVbWJq8+4GSbL/rANO0/Yaz7+QQjCTNrPnCF8S1Ibv7ImrvpsvpUwefZWCd3Evx+wOHWwQmG2QYw5Tu5narIOI02bfnDcjxV8mNWYbkaJMBajNotBasv+8i3YO9Cqk9JIDe46UXgIzkURPCFtzPRMtpU5e1JSKdVbQaszuSKkXC+YPpNSLBfOeAi/SzXkzUtbFglkEKetiwSyieBTmZP95F1wF6FU3FTtj9hwpQgjmCI2+Vxp/jeYYHKRJXp6SmncZrsDsjhRxMWBuQoq4GDA3ad7dN3ImgxRsMWAWQQq2GDCLaN5VNk32n3cD1YBehZQXBOM4UpbFgPnH8BiTmDUMenPNqGsxIoYcma67IQ1CHJg/kPIsBsx7R0c5WBcz57zZIMSBkd4gJQXBDGXAK6Sz/QcvjfL81yKFA8E4bpHCgWD+saz5mwZXqeA6K9pdozkGB+l0kmYLEKfB/GGBvKfBvMcrrKLJVTCLFAsEs4hFigWCWcTyKCRXwRxr/qbBVTCHEAfmCIeU6gRzBK8QigbXpo4OkqD3dVM0x+Ag06U+pEOIA3OTQ0p2grnJsd40FbkK5pAygGAWcUh5TjCL8EqbKHIVjFfMRIGrYAVShBPMEQVShBPMEbzaJQpcm4Irmaira2sxOMgivdNTIMU4wdxUIMU4wdxU3H4LOmWhaPCZUwWSV8BEkettHimPC+Yr5KiLAvOV55UxINfbPK9uAbje5oF3SwVmDA9kOgVmOo9WLJBX19siDuNBG5WLpA97gEQJ5hUP5EMJ5kPkSIvEVgzV0QEX/pGHC+lUs9XRaRfm4J5Fv9PBHQPT17cTI+MJu/f/Lmu5qMtojPi9f7XtNvvj7X/FEr+Nx0u+h67/+YCYr7Xz8a3Nxj+6eH39Hw6ccao="
"Blue belts high production by Bique","JCQ81","factorioblueprints.tech","[]","https://factorioblueprints.tech/blueprint/dc4be7ab-c4db-46e0-9601-e1303287f753","08/01/2022","0eJylXdtuHLkR/ZXBPCXAjN28d+txgeQhMYIAyVvWWIykttTA3HYu3jUM/3u6LUFNsUn2ORxgH9aCVFWsYt1Yh+zvy/vttT2euv1lefd9+dieH07d8dId9su75b9Ph8frQ7vYLJ67p+fF/rq7b0+Lw5fF8DeL+3Z7OX9Y/P1wWlye28Wp/f3andrHxWZ3uO4vw69tr/en7mHT/+N6bhe7b4tfl5/efvRCfOD063LxJsTiL8+Xy/F89/Hjl83D5XDqDj9/fP7wcNh9/Nq1f3xc/6v+53//0Z0/dfL4n7+1u0/X33Z/Xa6W3cNhf17e/e/78tw97TfbYTmXb8e2X0d3aXf9b+w3u+Ffm/O53d1vu/3Terd5eO727Votf/QE9o/tn8s78WM1S6L983hqz+f15bTZn4+H02U9KMMjIgki1/5PTk+nXmmPIRlFkDkft93l0p68P9c/Pq+W7f7SXbr2RTU///HttxdL9mt9o/Jlc76Ey1ktj4dz97IXvi8HevUHs1p+W96tnfxgej6PvcEfXn7BDqIG5CVJvuHIK468ERx5TZKvOPKGJK848pYkLznyjiSvOfI1Sd5w5BuSvOXIi4qk70j6pN8a0rEE6biGjAuC9Fyb8Vwdo0+6riVdV5C+a0nnEqTzWjI2CNJ7Lem9gnRfS7qvIP3Xkv4rSf+1pP9K0n8t6b+S9F/L5nXSfx3pX5L0X0dmdhn471vpNKXseRZAl/RbR8YF6fJFbKZgG7ZQwGC17P+/OyZqyCnzwKm7/bk9RZXmlYm9YX7EaDXkQsby5HUhb6K/N2CsSqxQub0aKCG3EqzcNiV3VmQJi2xnRS7PtRWSaxWba8U7iefpB7466ZZy2fyFw2vbdLhejtdLVN8W1beXaauEvtncqtL6iDY95bkVo8/mVs3R16M7nneb7XbdbvtfP3UP6+Nh22bpv+zHfds9Pd8frqeho9XNyuqVkM3nGCsBm9XOmVWzKdWSamHd1JH0NayLZlYXbPlbk7Ky5W9D0idd1GVCVpQ+6aIuDFhz9BvOhTz6MReqVkLVMf8xcOb0CpnEnjFkyeskpxND+qczsxKzRS4ZCA1b5JKB3IxeeuxLjvXlsH5Jm5GCbaxS6oQy7DtiWRJNgoSDi5oqXbXKGOXR33btY3fdzTmEx6CeOoTtHcK6qEM08BI0twRbsUvQuSX0GhnSYu90wonYSmzxCdIru5mqzbInSE1aX1H6CrZEpgWKWkJzwdWjH99LuooagM2hGZ+IHv+yOVSQ9NlWdKxzX/X01gl1p8N+/dRuTus/ntt2GyvQbc1ys7dwY7tTG3oHw81VJLcxNZZwY/OwmYvrrjjzppKNg51bv1XBQz0cpTW68/bw1J0vvSM/PLc91WOv7e5ruz6eDl+7xxnqNkHd3EC9nqUOt6Xj5OynHmbDpyMrYI++haZDQQU837R7KXnKAWjhHZ6axdyeqatyq3rUX9Zxvzm9zpRDLnB3Oo7+MOvWkta+QrTf7RPKrxXNUN9m7hpuZ8fRYNLcNzixR33O3JbWkbvNKHi9bcn9Vd+gMAsrjB3SkjGwYYe0mRgYpc+W2DUXYxvay70a0vkHo8kt1LCHUtVcSmsCv01PXryC1ALK4E+J5W0RqCk4M05qxdHS3xYbGniWY+2s8A0tfG6nA6oXFXwwZZs58UUlWPndbdlSVPB4x8l58dljKjNPsvhkKpViRUX7p7uxQhDV6KADMvCy2V/WD4fdfbffXA4xXWd2ZeygQFS017pcGY1snNFtiSM9DUFmKrbp9foXhcyWJ1jJCKwJ9muPuYGWF0KmoF7KJHazh4+ix9cqMr5GVIMfeKl5+TUrv03Jj4huCgpR0KpwEvaK6aRWWExjw0rLohob0odDXBTQY4R+NB9XaXBURaqJRkdVpJpoeJRgGbB1s0wziOMzWdCFZG3AHk+rNIP4CkrKZ1D7LALDsLKzEAzNMiAHvB4DnRrwvkyD6ugwQoQYKRzdAK5IFUAxQHOHYCkcOYHKznpzJi/EGRRgM1DlFEM1UNlZyGMmG8QZFIM1UAY152wuTDchIGlwX1GruKPBx9QukxPimHfSh10mJ0QVFcKpiLZQJ0ouFlXlzGwV5wGpTof7w0AsUuPrVyoiTmN0yFm0g0rJYXAaMkUDL2+roECfa15DDBQEZQBJl5e54O2O8pPhyQqiDHDgk8k0wVHleDgoEOhRB9qZYFWGcBPHqwgWFWUz2yiuqfITYszWLErKq9VBBmyGFKyKRiemkRKSnu8LQwMz7E3saGRG6O0cO/aUystyBewsm1PNbF5gkVceyVSaYMFW3tHqxEeiQctDW83mssQ1BGGJnJpAZAoPNEWfUU4uMxSeUYbAKignT5jH1ezY3FC9U/sUBPiKAFxJHQX4ChpX5R1kVmUHmbYEQ4npj0ZSGZtaDbAQR2dynbPWYP0+3EgdxWsKFmXl1TzQNRsRgq4IBtA9IeFwyEbGa+OGLwdTgsqhwRs24/waGPWwCC2vLAHNwR5iCVZnsKN7BQ8me118h8hGLkC89usr6eJBEgdq2TCezC4EngRb1t08TBZ7rBHT0XCA2Ktd1vHwhOOxXJhBZhdCOrfTs7VIiMXK3P8dqy8BHJGEmCtCVlAZNSy5txcRyenRkXPZ2mp+kMQCsJxNR6D4KwE8ssNlWEBrGh2aBR1MGEZTnQfJYhlguTREaFGohozS0qmOx265TDCEOL6/zZTFUbztCDO5+BLfdO4d7VyfYxKIetHUOI0Ehl6EsCwES5EiJnHA1YiemOorFtFkCL9Cruen5cQvzitWTgXvmbHQn9KO+ZysNE7bcPtRhsgrBH2R1m8B3gLVL42mGtsE00BwVlmxJ9OAZzRoQjaeZwB2Y9+QGutzUOHsI1IeA+iKnmRfkRrbgCmDuIpgTJRVs4YUuA9a1gfp96I0qwn2tp9hGThcO2z0o1+Lsqzw7JMWjmQQQqKQDjG5Ecsfh0KlLWg609KyA6AwaM9Ki/vl2MKCO89DOc3SzoTXuNzFwAhUMcXACJQBfYlv7O0jLID2ScoCeERya4agJkD+XFgE6osQ5YS3/2BKZbFOjo3FLNbJZVJhfAV8e5mLxsimUoSXk92eVHgn6Sxri9HByVZ/qqg4g7qYAbgC/lApl8wAD/RAULP2yHSq0dVoduDjnR24yJFqei4nNXvBwOvhp2CuokGn1PjQ1ySu/UgCSGUSt5Ek+9qUdwIxuQcaf2xy9OEbLvGndcA3tlVmBUjE0/SDOCK7U60b5pIrFX9mTery1xxfdys7RZYhQou54p5TajqyeMAt/tKzDHgnLz3LELHFXKUv3C0ehosdm4fmQyxHFwAmDKOs5cwNlrO45dgX12syToUPaBEMoAvr0hQDN6cM4itgG/EwLM0xYPFaHgNsBSF6K3N/3QviCGE243tHWpYGtknL+ry1N7FjLxzacGtx7FicmNdNlrBjW31DOqZlW32T9ps4g5KLxSaB6pcexGu26kvA+KXDIdhVuvSN1vHhE1gIAg0lXYzSSiozxGVRc5HpZT8gX5YAtczkjkpcP+xBuJjXT/FDd+m9B9+N8IJwUj7yepF3fB65XvSKwVmpvndXxkTLcQJ4Ne/LdcFTG2ligtOFdyYa0cWg2gHmpEy8icbBVV74T4pefjAGXd+SIYKKYABd6ZW3PHPlnWQkQOgyxFRBeIMESF56OKpbWvKkrGSh6x0pYN9pCNFUEF4Cuk4iQ9QUdZwwlR5pEJtbWl8RME83UPyDVl5Pn1lZOtOF71tBcBHQTHybq2810y19rsHNdMNDdoVmKnjJLhla8KevPLFBmzc3GMCiBlAhGIsoMhNKUSEIiyCZiLEqhGJRdetU38hXPNinsEzNhXXFPoxlM5E3+q0T/pksj0Wh0srr5+RuKv4EynQNcTuwiBHJMii4uwCamMZ1aVJ2GtdlWAY4fiQMarPKYdEklpWd9eBMDogzYDvcTP0XZ8D6ayaqxhng3W+mLI6bt/jDKKjs5AGzEyQD9vErx0aeEP0FNa2Y9tlnr1xYE84yKO+RoQJLhc9eIQ/DG+wrYx4UjJ24a+jTepGvPEekIC4mjKEP+05biBeDetLUR+XwjwF6DSBoidGH2VvQJnJzbRiGK6VjJ0RK0ReGZWD094NryMb4U1he05n8uB9+4cGQdlDlY+FQOZheNGt3nbP7sI9U/LtWKnwVC2ookyZg577z3sW+eeWRTH2VUNGQkDrYL++121srcV9W8agvr4mZ7s35AwKlWT/2qvbg4j8w71Oa/QqoDWM1x44eDTc3sWP93itEStiVn3uD3yclK3LHBkr9PmnnUrVO3PhTxHNcVbruiM3cVPgcFzLuREkXP8SVVETJ01ugtOwnCMeTDp2AmKvy97UiRWOUQfHXe1EG+NuT6p065v3Cw12Rk08d+ZLaMO1LTPpUCL1CTiTQRRR0wyjp4ocno/oZpsLxibDCv1s4xnJwEeUvZE03aJxB8XtZ6ApIHx67Iw1hxlT4rcJZBjXLAG+LR9IQMEixnyn0shMoO1s9C5YBW0srlgGLmpQsA/zFLEmaN0RZzcpuSNnZzw16JQjIgEVcOZYBO1SyLAMcbmVZ87Ley4Y2Fnxl2NBGP4PFxp/yZ7B04sKHCvFXTP8bMSwyxAtRWsQqEtduVPjqFT7EAzUfwrMIBhAYXLGQLcsGZhay5RW44ArYYZJhGRS/G4CqiPVfNv6zUC7Lxn/2M4Q2E6SjDNhnsLwVgAxYT2YzWAjcwmeeKIPiRwZQFbGezOax8I0rQkXgCtg7CGwdHYKw8NktugJ2OCxYBuxwmKwlNAvMcmTC0SxMy2X6gTiDwJMzzwt62RghzI6GyVSpy79ZGGPwebXsLu2uJ3a/vbbHU7cfSGw3Pa3+Z7/0P1sMZM+L5+7peXE8HR6vP/92cf9t8Uv3+3U4vfnans4vh5G10K6Rztj+P13/+PF/RQ+/Ng=="
"Lubricant Production by Bique","JCQ81","factorioblueprints.tech","[]","https://factorioblueprints.tech/blueprint/eb35efab-25f1-4992-bd04-b444fea215b0","07/31/2022","0eJy1W01v4zYQ/SuCTi1gBaYkklKOPfXQAr23i0K2aYdYWfLqI9sgyH8vFacWZQ01HKUL7CHZSI+c4Ty+4XD0Gu7KXl0aXXXh42t4UO2+0ZdO11X4GP6qT0/Bt76oOt29BGW/a/Te/BJcmvrQ74eHNkHbFfuvxa5UD8Ff1e9Fq4K2b1TQ1cFXpS5BYR5QxeElqPvuVOvqFBzL+ntQH4O2LvUhOPaqDH5SD6eHYF9Xz6rphlebev9Vddc/1k2w65sq0N3P4SbU5qk2fPzzNWz1qSrKYdLdy0WZ2epOnc0TVXEefqt1GTXqqCvVvIRv5sXqoP4JH9nbBn11/6TOxtAyupTGWuvlGHz5WPb6ML59c5P1YrL2xfTtyyZUg/+1upr9/svL31V/3qnG2DPO2jimM29H+/q801XR1Y3BvtStvq7mazhMJE0e+CZ8CR+j4Scz0EE3an99It4MIF1Tl3/v1FPxrA2Cee2oy041Dqff2bBv+oOKjO8HG/Z1P0QVs5z/5W3wxJ0N8e31Y9F2UdcUVXupmy7aqbKDbBA3G2JjA4CYUL0if6hXvhfmUYpHUur8xf87/ykf3pkaDWSk2MCpNmQ/0oZ9XZBmL6gxmU1icjL7FMCX8EY1B+bxDXgLuMX8rN/NLQ7PRbVXh4F8kdmg96ptzXYbAmNnt7Ev5t2oq6NTY9xygEbnbrMEAJ0ToKUbOgag2ZaAje4QjE3QIIwMxYhRjBzFSFyyM0cT7IbGZothhYItJPMBqXuL+LGKMVE9X3Yy7h8L1vxdayAIa8DdaxB7r4H0n74l2DP+QxsLy6Y7l0FVzRXdQ0+vNn2slEnZLj1sQD4dRFetydwUIk1b2P3xFqORJc8uDEbwqHQvIeTROKZ7NFsY4uZfXTncGyeoRzLUIymKkaMYnIDBHBgC3SQ5Og+JYuBRlqEYeJStkzevKEso8pZhXk8IfLA2SL+ZorInEsyTSUKYH9WTaOQLdKUTgsCMO3SSOdBQDlgYuQODohnpBA3N2hJCRphyNza4GjlqO8f8l47c2Jn0FtYZaWGgFqcUvcgn88OxR36c1UH350iV5nmTDkSXulzezT98Wil9etrV/XsOJeSGxfwLNBKBRZYVs3WD0u0U148MXTdUPzi+9oKwLwpabKYETo37uYuhKa4wArV2lcLM4xJaUY7mWRxdUU7gDb+PamQ1+MgbwlEI4KRvGs7RNEug2zJP1wit072c4AK+sPzeLiCwS0h0+mieJlAW8XVaJB1oBD6N54JEwGhiZBD9bPUOiuf+Ai1MWPuuw2oRr9IF6cNSgZ9NctSPFG1xYYxU8a6gJXyJKEOJMCr1t14di+ufoWEpcsTdroUSByGpiYM1gpgnDiYRkXzD+BbKHQSlCijdhkBKI9apmPAqnK4qA7qYItfpmSMmJV4QRLkrUX7xHMVIVynpjB22ko6XANGxqc+GKKen7uOmZz4BTo1kSxslnAIzMAWW+NFq5EjqcBflaMXd7gLD9TPluI8h0HKcpKicmLgD3ZSyFZqXuYdIPczJ1h3OZmNBW1O2Tho5HDkZTlaOYqBiaG2RjgjO8IOWROeBF+oEikE5UC0EIsSkjCJYCxEIBjlapOA5tgY5frxC4ykn3Eo5Me7K1Qu1eWvT9XJTnkyh0VtRkdLWOCeU7pzrQLkbWohBaPfICdmfpRSJY6Zy6s72UurOcYvyX3XLcYWVf0pmEq+TSU5RmTHUva7D2fZTMjO7mPS4ZGFb5k0Uy5zZUBBR2HYkof/pZPF+3+t0wraEiqAlTV53+2yLKxUa82xLoKclWk44ynlMug2GOw4I907uGVJ0S0xmCMJRzlYLLARXmFFKhM7OClzEctRrjJCn8aWNAARf1XQB+HDt+YhZXRgEkfbbe6zmCPrhK54fvtw1BEbqnBB3g6x1nVyfhHiGR7Z+BD+1YxQpTdwCAYLHhAqJlaR4gjOib6yqquOumq1psBATVJ+WFY+mihyfKqHcb8E5bplZTKaqlfRswYqfi6qx+EyCBfWbebgc10+O+4ie2lqoCxN3Z4YxfhwU6LwTXEslDkKpT0q31SCXEzrv+D3vqCFBafzg97GOGkRgJ89QsltNIIQ0IZ63XCxo3UUN3ZPKMP9UtLDH6MS19HxV/CdyTXYyWyMwO0kyf2x8c0jy9VLtwky36zHn7gZHoHRnSSIJUkqFM5lELQhH6TG5LVjsuCFmHm0lHJ8T/0TCEGde1Q5GaTyx0L0arljqz7AxjYi92o9YSrlBz90TB4/Eaf6JNGJugM91ALMaV8j3orGjocockhxNVYzj51c8zjnl/LoQPSDFOUVEJUonjtd1BG7wqrqOZ0hT2lT4QkjD4HiWmuE+xJu/MtyHq2o7cx+CzBWEY+Go6gBlQXDqsVDcMxRbJUH9SnBUZeei4b0sAmePoHSALTA9Hj71fP9o7dH6JncTloUx0Pzfb7fPb/+4fX4b7F6CX4aasHnuWTXtFSgz8pLHkgvzL83e3v4F9iUlmg=="
"train loader","clone","factorioblueprints.tech","[]","https://factorioblueprints.tech/blueprint/2e31b8da-1247-4a01-b76d-cafb5b0e7815","07/27/2022","0eJyV1eFqgzAQB/B3uc+xJNFE46uUMlp7awMaxcSxUnz3xY51hdnmBn5JiL/cHy7cFQ7thMNoXYD6CrbpnYd6ewVvT27fLnvhMiDUYAN2wMDtu2XlA2KbNWf0AWYG1h3xE2ox7xigCzZY/GZui8ubm7oDjvHAHbDO4xjiHoOh9/GH3i2XRUTzcqMYXKBW0mzUPLM/jCQxOsXkJMakmILEVClGURghUowmMTzFlHemw6OdugxbbMJom2zoW1wLqH7IPOKxJxza0/nQT+PSCZLvVi6p7pe8733ISD2Ri/WCDd3SKUvw1UZ/WRZ/QgkqpZOUpEc0yYg5HauSWEENaZIhFZWqkpQmR/x9Vk8jlnSMJ7GKGPKhrmchDZXiKUry/755IV+9+XK3jIPb3KgfxgyDDxz9TZGVKEojS6XjV1Tz/AXvaxhg"
"solar pattern","clone","factorioblueprints.tech","[]","https://factorioblueprints.tech/blueprint/99752d42-4271-4fce-8eb4-8311d9c90adb","07/23/2022","0eJydlm1vgyAQgP/LfaaNHOLbX1maxVrSkSga1GVN438fdhtrMtRziV8w+Phw3B3c4VyPqrPaDFDcQVet6aF4uUOvr6as53fDrVNQgB5UAwxM2cyjvq1Le+hKo2qYGGhzUR9Q8OnEQJlBD1p9YR6D26sZm7OyboIHlFU1NmNdDq111K7t3Tetmf/nOBgLBjc3HZNpYn8oSKXINYqgUtI1ShwMSYASHX9s0qMMkSSVJDwpC5MSKinZIqVUUr61uoxIEp4kojAp96RGXfTYHFStqsHq6tC1tQrJcS/n4C5bjdLXt3M72jlHOWcoT4H/8IioLKMtZc53O2drzjnDPKiM1P1Cr8wXlMnl4UFBDLk+0k0jSTWKvkEiiCFXx2+M4gWjdG+MwkbU2niK0ZJRTjSSqzHCiIrBVQzfX/QyvDDc2/NFGCP21/SS0f7OLxa6LMr/tzSR0NsDklPfHzFioZ0j+WRINlHk9M83A7n/bMjWAuk2hvPTfKl53H6Kp8sSg3dl+wcJMx6nOaYycU+cTdMneAv9dQ=="
"Tein unload","clone","factorioblueprints.tech","[]","https://factorioblueprints.tech/blueprint/ab267375-263c-4ce2-8830-759cc28b0e05","07/23/2022","0eJyVmdFuozAQRX9l5WeoAvaM7XzHvq2iFUm8LRIhEZDVVlX+faFRU1qRzB0pDwmB4zse7owxb2bbnNOpq9vBrN9MvTu2vVn/ejN9/dxWzXRseD0lszb1kA4mM211mH51Vd2YS2bqdp/+mXVxycRL/lT9kPenph6G1M2uLS+bzKR2qIc6Xcd+//H6uz0ftuOZ6+KG6Idx3OeXIX8fPjOnYz9edWynMScVNmbm1axzjiN+X3dpd/23nOR9o5Yw1RU41eJUi1MdTiWcSjjV41TGqYpseZhKimwFnKrIVsSpimwVKxyrSFeBu4sU+Spwe7EiYQXuL1ZkrMANxpqU4Q5jTcpwi7EmZbjHvCZluMm8JmWfLjukfX0+5KkZz+/qXX46NmmxND595M4/0ThCm0Yx2+O5m7qOdZulJrH62r7qtk/d1L4W8PwFvwQrcJgXYXODpdTku5fUD4918R2URVFeRDk8xCCGSDgsijBGgwxikB5FRREVQBStRFREUYWEsvhdP9N1Z+ItftfPlN2DoXc9WTFIi+uyoi6nrUZUPqpGY3VztFSQLKET4MQJQB1BJKI8PpdOnMuAw0iEwa4Qy6RboSixTDqFJ8S24kocJrYVh/YCEsukw3sBib3Akdpg8XG7zygsGcyhrmCxIju0T7BYkR3uCRYrsos4TKzIhLqCSylIKlCUWNwJ9wSXYoh4p2CxU5BDgxQLOKG9gMUCToyHKBZwwrsBiwWcgtb4zI+Mv9xW6dMS0zNKm/fD8fToCcV/e0LJxhRU1+/GLO2KfFtS3fbBHmy2uHf1s1HcEvjTNNjDCS3PM5cQx4sciwcaVYE6SGAQBRLEiSKH4UBvW1JYoB4ROFt43xMYIE4hciIeqNME6leQQCsJ9AUukFUCIU/MVrT3BFqIQyLH4YEGVaCQJ0gsIp4hjlhEPGYB0es+wBPGKo/6iAhk0aMBsgCLHg24BW77olCgAbLAbA11TyBkARa9HnAL3HZqsUAhC7Do9QBZgEWvB4/30Q+vWyhQ3BO3Bl1CYEWfWGkUR3ztdKvvkOKoaBykUlziYK8C46uraUGnACt8ZVVzTDjY3Ve8ya5vk9ez99WZaaptasZjP1Pd/ji3zbHaj0f/pq6/rsrDuGCNpScePy5cLv8BoAXs0A=="
"train load","clone","factorioblueprints.tech","[]","https://factorioblueprints.tech/blueprint/79ba14dc-c9df-4a77-9ea4-fcff7109f966","07/23/2022","0eJylnOtu2zgQhd9Fv+1CvEgk8ypFsHASbSLAkQ1JXjQI/O4rJa0ly6TnHBUo0KatPw6HPHORJvnMnvan6tjWTZ89fGb186Hpsoefn1lXvza7/fh3/cexyh6yuq/es03W7N7Hr9pdvc/Om6xuXqpf2YM6b8SP/Lvr+m3f7prueGj77VO172cEfX7cZFXT131dfVvw9cXHP83p/alqhyUuoAVjkx0P3fCxQzMuPaKc+lFsso/hM/ZHMSzxUrfV8/d/sKOhC7JeQy4QsiHIJmlzGSFbgqwpcrHGZsgbJUEuKJsdQbYU2a8h33gjRg5rvAGRVU6gHeUOxaiw5NCMDEvOIYwOHYdmhBg4hzBK9ByakaLnHMJoMXBoQow+5xxCqNGns0sMrfO7GfCe6ZBXtGL56RwW5RO69Fyq0eba9O64r/t++JcIeUo1ANeyLtGcSwhlei6TaUKZnktl2uHevpBLgOuvuaehoGtf28Pwe9LyO0F286d6PJz642ksEW9XZNTKZSFD5E5/lYViMMV75k5IvHimbhKOMZq9+OngHq1nzWo+VIkbWrhcSjUFLIGQExIwJc5VRCAzjvRH4NKe8Syf61JMYPlcArFsbg1coLdsbg3pjijKZ/UauJBvWb0GLltZVq+hEEKmLVZ7BPM4U/lepFoiwcsyle8F7SA004YaDs30oYZySMGqc+pzIdMLVp0TH7OfVefUlt7wo09aWHVOvSnGZ9U5tXoYn9Xq1O9h/HI1/+b+RPlsdp38g91PNrtOnR/mHza7+nRAi/FLunNNR7Uon+5cc46v4apsai8dwKWrYM35fX37ivlloVukLbHpFYCGrWS62nSQjm7G8Zu5E0aRzXj8WpXMtaLl7KhjdznvqTsBW+5G3d+0v3fuWXrB9e0vFNDd+vYXKjichW/W1EYCN8utaXs9wGUTdOACoaPb33SBGuWvb39dvH1xk4arX8e26jrGKZCMPd3zXgXUGJHucgvBDX59X5uyke5krWQj8+bmojaP6Ngzb24u6AChmf7VcGimfzWcQ1ihTZ0aZjqbOic+ZH+gO1nP8elO1lP+CXRizDk+nRhzzj90RZwWbPRdPJ4gp04hAFw2QU6VPGa349PNtAR2tEy1yxxp4ItDm3YOULernO5nbdJV8bkLuqFNh7n4ArSOy+QCOroALWQ3XyCKpLXr5sccRa5oYANwd5KNhcppIQfS8Wyp69MZIL4A/TCKS2Eqp9/1cDFaKbrwVdLdVHTlm86LUa8ruhA20uVXdCVsRDfQr3G0aCX9HkeLVtLdZiFaSTeYhWgl3VNa0UpaWVaycjaUVDdd1cYTuvtz27VKcRTEUSIHf1Q7PlUaUTkUlWYjRvcM1KKBFuIYkYNXmuPTJmKjJWSgFQ10EKcQOXjd6ApqowEy0EkGmhw30DMGGkwTXjRQQ5wgcogpu5zaKKQJLwaR2VTOPY4YRIgpnPEBFbFRSBNeDCLrx22+DI0i6dwghqj1QzVJK/k5GtGX/OhMIVq5elombSVdWVnRytUTMmkrrx4q1s226w/HCKn8nZHMTQPV9bvvP2fR9mk2GvNevdSn9221Hz7d1s/b42FfxZa6hDX9JdGmql/fng6ndvzeIFXmj9FlJn11fVXtt89vVRd9fJbP6VFUQFFKQi3HYKCCy6RgCocpEabRTWpxkwZFGRFl8S1qcYsFDjMirEQ3acVNOhRViCiPb9GKWww4rJBgswESUPaXCaqo7IcwopyKSn82SyL400n+XI6NQFVm0gWwLrxol0VRQUQRqvDiFkscFkQYqgsvhvASzQZeDOHL0Qyo3E1tcTmHAdW8SZhiJebNiszq0EzhxUyxHKKAKurk9un6Skw/y2EJolZNIhcKAZ5Xh6utI283lsMSyCKGXoTuYMT05VY/3UoilyMSiCss64rl1ASySEEvMtfdUJq/vvXbr2+9v4UXv9HIY2lvcKwjsBbHBgJbwNhSEdgSxxoC63Asc2QexzJHFnAscWSzgQkJ64gjCwrHEkcWcJU54sgCrjJHHFnAVeaYI8NV5pkjw1XmmSPDVeaZI8NV5pkjw1Xm8SPTOa6ygB+ZznGVBfzIdI6rLOBHpnNcZQE/Mp3jKgvMkcEqMzlzZH9TYfp5MZKcgdDLEQWqwETX4L+XfKrc0DX4yaOpcIut8bj5/klHD7OfpbTJ/qva7vvAvLIuDJmjHH5Zfz7/D8VM0rU="
"splitter","clone","factorioblueprints.tech","[]","https://factorioblueprints.tech/blueprint/aeb09c8d-d437-4561-833e-3efd42cf901e","07/23/2022","0eJytXO1u2zgQfBf9tguJHyLpVzkEhZPoEuEc25Dkor0i736y00SMTHpnlAMKNHbi2eUuZz/ItX4X97tTc+za/fD9/nD4p9j8nt7pi81f0cvz79qHw/7t7b592m935/eGX8em2BTt0LwUq2K/fTm/+nvbD+uh2+7746Eb1vfNbiheV0W7f2x+FpvqdYUh9MddOwxNF31Wvd6timY/tEPbvKlyefHr+/70cj/+5abKQKyK46EfP3XYn2WOSMbob3ZV/Co2a1ePAh7brnl4+319VnCGq24uLoFuJvRvVsbXLL7l8A2L7/L4JoFvWXzP6V+z+IHDd/C+sSWzb/yS/Whk3LB8vxjEn1W5XMD402sKcsbN00jp7qk7jP8DLLJXXly9h47DaTiezhHmWqT6isgrQ0EiNe7xelqd7PHqCxS+XklKAM1hd8M7KQE17w2PeKPd55zhviLxxpbLSyQIHyj3hyURCogkimW6rbh9parluVNDAujkbEkBdHZ2nwSkIGk2e1Jnms3hloCx7LpUaJuoJFwVu+0INr5X/Xsy48sfTddf/l75yrignK3Hf8ZP9Vt51nRZUdlt292SKjJbhxK1pGQ85d45UUHZVS1BvgpHKWRNIOuszrcrSBlZUch2ic6QNWoC2VI6OwLZUMh+CTKUf8MSa2CZvSSgHWWOimFhzUEzNKw5gzA8dBw0Q8TAGYRhouegGSp6ziAMFwMHTZDRl5xBCDb6fHb5Pyq6SHXIKmxBF+mP4RO89FyqmVdy+Spa+SnVALhkORfpjZmEYKbnMpkimOm5VKbgU5UIGTmMmzVZclun/I0gC3T1imErl4U0kTv9pyyUAqPPWJS/ERLlfleTvZfy+eCerGfJ1ivChypxTROXS6nawhQIJUEBXeO4FRHItCPtEbi0pz2Lz3UpmjwYVYFLIIbNrYEL9IbNrSHfESXxWb4GLuQblq+By1aG5WuwQsg05EFJZBHM4kzl+0FV6NLFMJXvB7SDoJk2VHPQTB+qKYNYlp1Tnwupbll2TviY/iw7p7YUuuWyLDun3hTDZ9k5tXoYPsvVqd/D8Mlrxgj/av8k8dnsOtkH259sdp06P8w+bHb1+YCWvOWlO9d8VEvi051ryeEruCqb2ksH4NJVsOLsvrx9xewy4y3Slpi8BKBhq5muNh+kk4uhLxWj7vNaArIY+FIx6hCRbUXT2VFudyVvqRsBW+5G3Vfa3xv7LC9wefsLBXS3vP2FCg5n4J01tZHAznJL2l4P4LIJOnCB0NHtb75ATeIvb39dun1xE4ebn8eu6XvGKBCNPd3zfgqoKUS6y7WCGfzyvjanI93JGklH5ubmg20e4bFnbm4+oAMEzfSvmoNm+lfNGYQl2tSpYaqzqXPCh/QPdCfrOXy6k/WUfQKdGEsOn06MJWcfuiLOEzZ5F48nyKlTCAAumyCnSh7T2/HpZhKBuZapdhmXBr44NHnjILOgJd3Pmqyp0nMXdEObD3NpATSP66wAlRRAE9nFApKQNHdd7OYk5IIGNgB7Jz9HWtJEDqTh2VLX5zNAWgB9GMWlsKqk73q4GF2xQ/CRgNzenA/BE/drmNXnI+9Eh5Hb/PORdgIyawb6GkeJWtL3OErUku42ragl3WBaUUu6pzSiljSzjKRlNJTU7vumSyd0977bVZXDqSCcSsTBj2rPp0pnqBKKStGI0S0FlaiggXC0iINXmufTJmKhNaSgERV0EI4VcfC60VlqoQFS0EkK6hJX0DMKaowTXlRQQThBxCGm7EpqoRAnvBhEoqmcWzhiECGmcM4HVMRCIU54MYgsH7e5KJqEpHODGKKWD9VkteTnaERb8qMzVtRy8bRMXku6sjKilosnZPJafjpUbPfrfjgcE0j1n4ykrxqofti+/Vwk26doNOaleWxPL+tmN366ax/Wx8OuSYn6CGvqQtF90z493x9O3fm7QVVd3iXFTPzqh6bZrR+emz55fFbG6EmogEJVEtR8DAYquDJfVKvmMy9Q1ZUFU+gilbhIjUJpEcrgS1TiEi0OpkWwGl2kERfpUCgrQnl8iUZcYsDBrAQWDZCAtP+YoErSfgwjlauS1I9mSQR7Osme87ERqMrMmgDmhRf1MihUEKEIVnhxiTUOFkQwlBdeDOE1mg28GMLnoxlQuZtb4nwOA6p5s2AVSzGvF2RWh2YKL2aK+RAFVFFnl0/XV2L6mQ9LELVqFpJ+1EIE+vb1b/l2Yz4sgQjRtBC6gxHTl1t8upWFnI9IIKYwrCnmUxOIEEsLiXk3luZPz8P68tX7a3D7Bxo5lvYah3UErMFhAwFrYdi6ImBrHFYTsA6HZVzmcVjGZQGHJVwWDUxIsI5wWahwWMJlAWeZI1wWcJY5wmUBZ5ljXIazzDMuw1nmGZfhLPOMy3CWecZlOMs87jJV4iwLuMtUibMs4C5TJc6ygLtMlTjLAu4yVeIsC4zLYJbpknHZVypMHxcj2RkINR9RoApMVAb/XfKpckNl8JNHU+GWknGXfBqT/PilKvXJ9eXZn6tiO7r7R/P9/UlNN/Be/wO4h1Yv"
"Miner dreieck - hohe dichte","VitaCoke","factorioblueprints.tech","['State: Mid game', 'Meta: Compact']","https://factorioblueprints.tech/blueprint/fb4f429a-e2d0-4b18-9243-932f3e178cb1","07/21/2022","0eJylluuOqyAUhd+F3zARBbW+yqRpvFAPGQSDODnNpO9+QGunZ7yMtEmThtv62JvNwi9QiJ61mktzKpT6ANnXd08HsveHphvrZN4io1CteeXaf0GGAwguIIuvEPBSyXFRx2uZCzfDXFoGMsANawAEMm9ciwlWGs1L1HDJZY0qzYUATkFWzGlejxAwabjhbBQcGpeT7JuCaTvhFykIWtXZ1Uredhm90WGb+I1aTMW1XTWMkiucqYe+6vGaerigHvmq42BNPl6QJ3f5hlW8b9Cd0irB5urpTTwYxCXj9Z9C9dqlHYfHBQC9A855Z1Bvj0zXWtl/VDBh1gnz3MOpPFRv2t6ABVr8LC1cp3G5Aku8j+YGI3sOPvUNZSra6JnEHZ6lzWLZkThnAn6Zo2u0pZrG3vc9fZBfEgw9b8mUHDq/JeTo3GowuOzBLSEQuU207as046z8sD2fTHdjeaSYJIcwobH9kfTb+QK32f8sd7epDsdsdC67VmkzHvJTlrqzXiiZkoIikj5ToqE/Mn0RGW2mazvGeM8lJy8Akj2PE/UFEM8IYl8A9QQkvoDEE5D6AmJPwA9v7VrBjbEDC9KHh+P9IQzBmQu3zFoEc7fc6H4YQ63IpRz0xko+WTdQ2u7AThXs/JsF74w63ai8pagxfoGwK6849CRQ7EvwNQAabBK2nb9Uwj0rSu/y/nhJDQ2f5RDkFvnJTtMzsaF3/QdjL+SI"
"MiniMall v0.17 by Hamster & Bique","JCQ81","factorioblueprints.tech","['State: Mid game']","https://factorioblueprints.tech/blueprint/954f72f8-5d7d-44a5-ac21-14fd7411017a","07/18/2022","0eJzNXduOG8mR/RWjn0mjsirrJuyL3+2XfV0YArvFkYhpkb1stuyBMf++VWSLlRWMyDwniy0s4LY9GnVE5SWuefLkfx4en9+2L8fd/vTw6T8Pu6fD/vXh0//85+F193W/eR7/7PTHy/bh08OP3fH0NvzJ6mG/+T7+weVvrP/x8OfqYbf/sv33wyf354r4zb8Fv1lSv/n34Dcr9Td3p+336deeD193r6fd0/rp2/b1tH49HY6br9tAiP/zn6uH7f60O+22l/Gf/+GPz/u374/b4zCyq6zfNoOEt+HXjl+Ph+F/14/b59Og6uXwOvz2YT9+xCBx7Zq/1quHP4b/V1Z/rQdVX3bH7dPlb/jV9Tv3L2+nh3EIQmHJK2wXKayuCsc9cNrsT+unw/fH3X4zzFZ8fKWibhByOh6ePz9uv21+7AYJw6/9tns+bY/G/pqv2PZ5kHU87Mc12x2f3nbjNw9C38Z96oIN988/lbF4diztR47lcXMa/uofzADq+eqfjpv968vheDLXvo4MQJHfsPK9Lb9R5Les/DKydxX5Xb586Pt7Vn7FyXcFq8DZE6QqcKyCglQwOajN6+v2++Pzbv91/X3z9G23367LuAZ31jDI370YApzmolxFDqonx+Rpp9tFNFx97uHtZDhdV6di1K1K6eYH77S/6Hwd/4ob/+u4/RJGsd3wT649u5rhX/3v26Dgc+jAfjqj68d8fduvT2/H43Yc87vTKobfV0bQkL42Ehabxa729bTdPq9fnjenLeNunfBXu/3r9jjojM4+Gine49fn4d99uYr6bXcc1iAxmmAVLut8nt7RexTjP35/2RzPk/zp4b8e/iR2Qj3OgjYNHb3/a2T/mzmHY/2s5wy6ZN3sPMxpEvlEsFqWB/KJYCyWAgrZRDASWpfnTrshB+TtuWQTwEj4Xj6Gp8PLy/aYMYqaHEVx31H89vw2uIspQL09HndPowNixjCFh5ch2K9Ph/Vl80Y/vzKMr6VtIZI2IbbQsYXER+6jzZcfm/3T9ktORVROnvZx93V9Ka+GZOPl8KzkGNXPORs07Le7r98eD2/nb2yalXONlgdUBZ3J1Kn1rtwCmYYDr0papk9+Z7VApvWdnpbZJGXy2WabHHuzQKb1ne2CsVvf2dEyu+R39rTMPvWdnrejLimTt6M+NXbP25FLOnjPG5Irkl/KW5Io5zWhvCm5Kjl83pZEY0MTyhuT6MZoQnlrckmX53lzcskYUvP25JJBpOYNyiWjSJ1hUUm3V2dYVDKO1HSfxEX6JEAeVte0wkjrB1FIdjVc9/+vCKpbcgz9R45h2G577vP5ZkSwc5296HY3ru55le0ylQ3dCJ7GWECdfroR3JIK+EZwJTRcG8HHzZfNUZ0mtvMb+HBsFD5fwe3CawpqdprkQl9nadYWvFU0ua7v2y+7t++pYi9oel0UzSq+oXB0Rbkq606r+hq+Iq8WGoxwC68vz7uT3qqtqA3AJx9Bw6JgOvFtRXTij9uXze64ftk8/Z5qxbcF776WLUabcSwesct0XG5ZZ1OariaYV02RcDj2iYDcBMGAynsfCMw/OjgRKJedCDS9cSLQTm7xeHg8jA5Rqb1/jl+VwBdK/WxTajL5OqlLyuTLpH628prMJT0HS2ZGkVSkBt9lFElF6ks7R9qqM431nAB/3W6O6399226fNYPtWM9wkyFQ2mD3EEunSk0ymYi4nkt0uiWlVFaQ6EiwievIEdE5iOsWjoiGn1w3wagaGBKNP2k4BT1ddkwj6CEFdNnRkAoyAHLeniQErNHnFyHgmPKLEHDZa9RtBYgpUHQYkwfP+20zLMiXqIaK1MBH6ABz9L4CYELUd0yKfq5aE8l53+FT7+xtY0BkFqSU7yV3kEzWi3LJvjVyyb6nd4jjdsgZF0OqKISK+86ugWy722Q731hYnoKvzTrEP9pgnmJyyWDnoRcK5VlzWfSrsq9U3FlRsWvdc97YFTwcMBLnIThggTtoMuK7ooFFe3uitJTVFS27FGTccgXfDI5FF2Qz873gWMREFp8GBVfkhqZBwSW5EVxJKpDeN4lqrvisb5lTk5hgYkjgotBYf3ZRJsN//b55fk55ZTkA2Q4um1Z1yDiIlkwtnVvQRzmrUIUuAG+cZ0YFxfONlD75pSV/2tylv3QJfsP+1CUADvtbPbqzRMaoCqvJYMXWKa5kSyG21nISCBkRXacnpCPTtps6eu4h2mJVtl51EWUPf3ek36B6uYoMnk7mnqk5r8jg6SLZtK6ADJ6OzWcrsn/hOlYB3b+YVrnBNNDBsmE10FfjpjG0mAb6clzDaqD7kzU7S3SD0pMaPN2hrMlZ8nSL0rMa2HQ4CDXgLNEtycoeg34ljrbp0h6DroG26ZIdA39eGDaGGqZz6IqCaB2q/aHUjTufcQ3CRRYFqU097VIcu0i0SylIDQEUFITgTK69nh8RKr9f6fc7WSfTs4NifUzHKmBdTCQe6gpYDxMJh7oC1sFEYpWuoKENMhJwka5EzeYQkeCoD4lvuEWiI3YVWjiAGLJrUnWj6Dxpn1+Ou8NxED+ecAzFia6RBl+ygUeCL6kmYp6jbvJbcOCYlrTgbrMaaEx8Iz4WfQD7akiXwQa7hqwy6EWiUwSZ7rATRvuLpRlJQ+YLbOIr0ZQp+axvkNjJlHy2gGpJRxBz36r8CnXXtemtVblkOhBpIejySdNm05mWNG02m2lp0460QBDTbsnUv2MXhDRkNkPuSENmE+SODvL9QtfXsZ3CiHNXfYeENxIKwDnzqPMI60hEMBu4Ix0XXQGLZmTjjoQzJhWwgUeiF4FQDSWltgdh4YyxdqQ6JBbOGOtG6grY5j9bb0k4IzECUAFr0vO4qopkocpsKJVwxaSCWKRTFbDGzAbrnjXmSGhQPbWEFRJnOqAC1nYj4VlTUBas7Ubis65gARTZYxroPr9sLCY10H3+htWw4OwOnCW6z+9ZDfTZXc1qoM/uPLsOC87uQA2TRYMwzSD+17cH/pHroaWEtCGdmyoyHoCySYLcMAT6zfKrdHIZpJdT+loljxBKfUDwXaPwSKTWg3bpQjYUCKvp0zJrdloqa1ZeX7bD13w/fHk778QRTX0+bpv9+adS/wwc4VrYe0xfeNruSaOU1IuEAsxzBXA38H5cREGwYNt/vxy3r69TBacplzyM9spEjF+D/ZSSjxGRfDMeXfICorB3FeCRcVkyF8JlvRw9Ky5L2HlEQuHd7zHPxzC7D7GQ23RYNuNCRClRhOlYFIvdCHMn6xZlRnU1Mjlfii7Y9/WsHcBYw5613QwSqSLTxCoGlYFbF31JwEUiD0TOCntSF3Hgdzdo3ZaX3W0a9odlyhV9tVx6/yDhiFjVjCwSQvLGvKiqIb8tY2VjLApTlIqqSLYRM/dkqsj81ospkm22dGSSxuIqXcTX6grymy3YCFhUZTBF2Ah4UOW0VaCXK0oeVNmwGhY0W6DXK0oeVNmyGhY0W8BZyn9DBB0DXXTV7BgWNFvAMfCXnmVtnKpN60U9Fo3qL3kCWWYQYAbAw5JK3epyGaC2TKZxEkMJ3SG+feflF1weL++aYNXOSrAk6DMyIx1pEbXnt46MEfAAm2Vbp0pvnZofjYxH8Gh6qoaZNdISo8A7ZzIQffiWr+675b255fE3YNhwX7M37NYyzKjECE07kiOsqs7piwpftltH4uYHlIrBxrzr0lrP2pQ8ySq5wDzJKpmoBKhe/BkN9OOrmeyoROtVnAChq8twaRF1QgTwFbAbi+VY997wSof8jv3OxmySBBhgzOuUYlPOT/lcM57yrcbrvVWte5yGb+jJmgAeNhPZb1YgFQ8ltphpFecl1AHaGCJp6GMBYrzSPS5/VavXsEuettUVS8cHp9h0IYpTtcaqN7U7F2CRoVW5KUBvlmVYkuFHfUGnZJHJonWiimS7bPP0ThXJdtmatEi2r9akB8520mR1mtp1LKrYsXWShBUTvUBwBPl8A+AIFvTRIE71kiVLDftooAa6jzaNAWIvLVlAcTgGUMOCPhqoge6jeXYd6NvBNamBp0T15CzxnKgVO4YFhAPgGCoyqQwxSc4Ejw1FbLXyZaHGxQBnTD813M9P+9RnxRWNNKBJWv1V4/vjj0+bx3O5q+iiiVNLds1Y+6c3xRJ2viwG5pKFJQcVN2RKVQBLJipug1+94jHI3BJUBU1/bm3Yn8WS+ERVKZx5R3aUlnhXEo2MSL5ZV10y37CVfh6sUauCqVH1bREtUyuc0jMS0D8G3HWze2Z9vkUtj2EJjZZHJeHZTN0e8UMmHKcK0NosxEuYnT5rika4q9uTNiex2ohkzOYcf1oYZA2c0TnmtJC0N0lvCoGvPt7gYrbmF9qas44IK56K9SYTJI3NsXngTXZ7tTbA0CQvK9RWAi2NJoiMFDO6hvwmjfGaS8Ui1EUxr4pkmzRt8isl0pwQaX2lhJgTnR4s1SzzGzGggnziRyz7lNBqYgSggvw2DERdWUn8NNGFARXQTZirAog+tCrpHkxDKshvwWAKWArXQAG2BiyFa9DiARXQ/RdPTlE+3yM4Avp62HQ5ECLqrXgK14qcIxzMMn07RD9fSYQxAosCZwV/HqYzv1mXzF78mnpZLdfKqiS6GLlUiA1CwooRydjE03Bi0qAkmDjCalcyu5yGEJNWFACIU6gQg1i84hHC5NS2s0/EWnSg6C4x+vTg+4QEl5Igcb1AD+zjn4syu4NzSMuyorO27vBVAe6YxLRoTPUXiMTl7KF1w496ib2qF9wEpV4dG5Y8A9VCNjEktJfokWU9a1PVJIiijy3Z5XGBEYG08l05/KhQikpSvjLNicxRkq+syORYDNOPQ1v5Xj0Rq2r2waVIpqxGRUn/isB1TD+WXeUb74FULJ5zXkqpEtkav0lKZIv6JjlqtorvuZgnWVbxLgEon4U39VzGwnKqOjuR1uXnV/AQUVElOVQJBRCXU8VSpgYtAmwELGdqoAAbAUuaGhTYoAK6gq9JBfmPyIJrQGOiPKkAbowH9TVEl1axcMWgNwB+O23DFbm8HRmZgzm60aCG5pau56fUpslBw1QS6oj0JrCxBBhHKGma5LdK0jTBiMZ0Xk2cJOYR6SOAQ6nIofjYUMZrPUOKa1ztqWjcI7mLadSjbee6fNbOSTOnEY+2Derys9mawM3EBuqC+34e68jNf0/zc1ge6r3GvanfVK2wcdvbSV0OyZ0KCMbWuefvwgq3hHYW+prFIiklc7yxgD8ub6dMHwNGUnbP/W5gDYtodatYelkyEQtwnST4SFiZNUmKSrgv0JMmxsOaIBPzsyfhWewRZWO+cISNseblJYQUAR99vH3FTWvZjV5/eUpNnYxsBnzItHyAbGWhRsK2ELPyONw1Ug3q259vhIquRbL16Vna3XlXQZUo8rfI8wDtNOuqpA6W1BMZlJcwTLzZhG1AnjjX2R4XANd5+m34aZ9AzFCefht+2iYQt5WXgERiBKACurPSkFNEQyNqcgT5nE3gCPKvmoEK8m+agVNEX/0OekQaU27S8kry6nfQMVLYuN8ZQVZ1od799iyaMRgdNoESzQi1viD6bV+yUTlofQme6d3xsF9/3W6O6399226f9YWBo/LUl4KYTz3NDLsWngTG5HicGHZtW4o+iJbOrNfCUtBEsKXOxX+az/fdfpzWL8fd83Myvabhk/be1WeLbemUnNnR4EnSrKsMxjc3VwGvNkOHPVQaT7+vL38l3Nzx1ZZATeZFSY1NN+nkJXATUFjYC4Qo5FtLLtM4mWtul+XC1wnuKRWcObL0s5EQr4qnL6JF3AlSg+H4UdvuPwwsFm8SlMv6b77qrS5B1dM24PNcVtVlALfoFhDL3mvn1mp6xXL32rWBLp4sAO3iSRcPN+ntwlV1FZ73pF2eJ+3odyBgRxrAeeFwkBkPOuaoAR8AnMc6MhRImuGIZLJe8RkPHPi8Se+Z3rOBTEgsQDaMz2CV9xLgjPcNTYnZMD6DU95LamC8z4clChKNi4PisC1YZ9/Mw8oCCbTF5wd6eMlLZlqiqQexYHlJ+0oogFiwvITSEl1DUEE+qg+bIp4+tSYV5KP6QAX59/KwNWCxucEUgQro3nNlKlANTaJzobYdxKLoJTCXaqlm0U16idWFRnPL6K6KZik/Am4ovgfZ0Gi/ytCmt8U0nRLFG5k8e5P5uxeTxvffD8nhy9aqJFsWqChMZNaif0f2reqhPq11Kl3fsnxOAQnVfN31Bpmqs0pliGZP7OOX3xrG/dAGlUV14iWkGnlY0uA69QF6GlvYMrqu8QXFa6ZfvZD6Ci414MqCYnkJ/Ab6Y+YKdpwvSLmC8R7b4AZWdVPproANAbWxYxAfEGC9MWWdpWw2y6oqGNDUpJYkgHVDS9JGl8SPN0FXdasfoEpWW/uzu19nVHK272hT3rQpiUIHMHvmAsLZp/uFruqDJtSir/Mde4e0SOzj8Vbq4FbsvcwiSANeM5HLRi0dv02a9L4d/Y6xNz5ZzXE0lT0J0JC1nViWxlwOSRCM3Lr9eCsw5umeFmG9YeElpJ+BL5YhfNE+KJXgfrxnaHDP+57tuSXjm4TWM2hAbYOkC2gWuj719bCODMtJPI0HlM+y1UWCtSo/v+kGMZ7VBd10a+d+LqmAfgQkUHE7hrSl1SxoO+TSx4ZEd+E8qWCybJT9vJ5P2SwWjNC/eoguTVFr8aDmwdsh7X3WEuUDRMFtndOYuxmK1pirJdSbewcza7bwF9amwUAUobXEfxP93hsF6mw59opegKUUZKpAH7Nm0d9zV6NKzH8525KY/3C2JZE9HWuSo86Oy5h90sSxPedBaRbZnvz+/Hd/IPksv+z6qgCUL6JyhC7u/eoLNi8sx+wUeyHC4ZqlmJ1yCcy5swyzUyAE5z376gU4/9mBFXPnkl4WCUWgZPr8uuR2zoILF5E01K5tap5ntqJGxNPMFpx82pYdJ5+15Z4Tz5qy6UF18fhBdhNsI1UU/ywy5g0kPDg5BaYz1sXzmbDpjQFwex3gbDnuE60mat1YD62aRu2R1SwG9qoL2z0SAwtMnRloEOB2LVGxwCvN2B6TeFj4wgk4UbkUNKD4EK8KnUXbMUGVj5u2GS51wTTyf217Z8D2PG/rZrSBoieNA6XWXWJC08OxYycympoEdri45xoPDgfPNfz0qveaUcki27qgNl/NIji4vV17Ujxnkzxpq+1TAMthoaWcf6z525HzSAUentR1z1wa4O7J1TVLZ8fFKAldteXOM4Y7H55/HKho2AbG0VYtUbXp3b4s0WBBtnZGqErPvNwDSifJ9ZqYl+7O1MqDh141Oktg3bB+jsv+WSJcrv5haXC54g0H1nbcnLB9Qa5kbnpyRR0XeFniW7Iil7S3ADwG/G62Lc8FQRpRGunsqPJJannR+po7hgud/Mi5PjqG4adVnYOkv01OGVf4EJhNs0OozxXb2ecK55Y1YDuaqeJzb59ZvR1JagsLtM56JJwRPusxvzCXQd78wty7ZljXiSWlJU9GWE5axwUglpL2OjmgePqa2c/Ph/AuNc9I+1M+hHepJSMtgxbJQiDVAeqOxVoosLsRutF69TWNWsLu8LOZm7VRfRfOSztJxlaFxa5NUwR+Of8aXBUMQBVJN/auQdsUSZ+tldwsZJPGg/Jp23WcfDb5nQ6kjClveHRawXxyg5OdTpMBmUxTsB246+mWORe5x2XgVOQel4Hia9bNdnEvO54GDZ52+FHz56ZgHz9et6kFyD1NA2cIf5qx4bYiiyFtqe+mIWRUVGt4ANlPrygo7F7fHl9Pm/NfVPXQBlsn9gtNFEoFzYamCaWiUUOThFLBqJEAM+D2J3QLvKGpQQtOPBtEzYCk2moOLag57+nDiUbizPBzsIg6O9tuWFpQc3HU2SvZ28yl7irUCKUqZEtdykZYMBpngSwUjXMfZRh+sXOpeVkFnnw0JXMuZaQe0cOphn1SnXPjLO6Ni54S9ZY++bql8bj3OZhhXfe76DVsPuM0rAkweei2bLO2ZdUS2/Jx95Xckyz2j0vpWOQfl+hWbLe+SSRaAdIPvKtZ6H7/dh1UdaTj5OowljGUK8Pwl+XNvt3d3/bQZv2OzqCyXvdoJH4RPk0D55o9S+B6FyxCketGNSxLJ9eManxJO2KXlyBQvMHHw+NhHGTSAbOwR64j2rCwR65V3HjhwiLPlVydLyKWPdywW/eqePZoMYx6qsDcW0Lg9+ZeEsLE07yWZiDSxbMOgDpJaljGy+kkCWK8bFjGy0k+xEjZSMZLpFJvTA1Aqc5SYE7qwAnLpsCE+G8byYDJ3DKOPHgSaTbwlJg1twX4J3KrmQLmamvTsJRJ02FIjja67dosUMYnA+t5Co8mAw315sPUMU6lA5KYE2hn3hLr3p0CLex43w1rOqyWlVA3JE7qOhfKA0PvrIXj+c6q1dkLGxbhWFAOkUU4FpTzwBGOnnKzNG9ozG5HS/xdN1nyLpaPrPSFlM5cZZwn1MwQtBunDUu22UWGcCG/Gocw/OgHktkYSGzdW/rlFxGMyHREklXC9SFmfDT8sQwGowrEAY+xrOO+HvpaboqOxyL/7E3/HGAzsUN4N/c98z1/3u/GXmed0DVXFc+aBhOkaKHR1t7a8aqDkNjNiOAw1VZF0fc97ewasU4a1MkVV9kQT1B87msCWOjNhniC4ulC6qd86M3WJh/jCb0520iMZ4wbpGHk9rjc1piP1fstqjFmn4ZyYv3yvDmNjutSBn5+OQ4+edA6uo7BV+nG0dOostpaIDUU5wM9Qfl066Ti5NOtk5KTT5OsFJx8ulPiOPmsgZv2rYtn7bvnxLNdkZYTz6LNGkZ8KxGhwDujkHdqM3gKbatNR+iWZimkfFAboEWDM40bSNhZYqelLK0EhAIpizXh0HywQZmbjsxa/nYoqnS6tWk7NKCx2UqoKAoMAucKxoyUlIWxQFEqqLTsw/JUyG1ZXkHOWFmkKOWRWxYoyjlkFidKxcJWwkTTltUvcUIseJSKvK3EjqYHYybukJvgwaQOcOERhRJNCtx7xlwHCxvlErqWZS3k8tGWRomGflUVyNbHnCtlkaHX8sL8XhYXEAYsVSD+lqaZBWotn5ZFY3Kle8u+zu5MB6OKZxkHucZAy4IOnemLdfHZiIAOk5+NCOgx+XRZ23Ly6bK25eaHh2xPnZGOOYZtqXes37WvT5v976mD2Lbi+ZCm9gs5CAZ5/rJ7GUZwWF/Cb3oY+GWw6xLc7qL7v6kVrMQdj5SHrWccWbQSRIncCb7Z7neHrIrVnE3Fwnfm28qicmo9f1W9mu2N+fnN5UWAVTdkP90QOXqnXltvPc/g7mZar4c5N7OmKMPvsHPOOcBrXhrHZ6cQEXvZRI+b4ZedKhB/rK8396UquOY9WJvlwDyDjB0XL+m2CLpLO/Z9hLHOTdQvNFHzaa3Wsyes1/anYqHv/LRn6+yG6G9aKNvRtSOGKj5wwTe8fpboy05MxPXpAEffTnV4W4chguyNuqFOXgUzukTa6lz4N88kTuPqdF59V7GluTjDKVQFsvdn2tSseNrj9FkOp64ZKP5m95x0OBIUm34b8OP9zfnDRXa0zN/U1tuILQvaFQlBKhbVNGCkjBjMhe1sNJThp1t1tfocUSthuwSS6bbQQdpWkh4UUBjLuZNdRvahe+cTBsxyboqqLRUAWNJNUU+lNhn7qD1Z9ssn7YHVtVNLZHXZ7pntmVTxuQRi4Gxlg0scxFDWsgycgQKIwK1t6CfzWm4ELAlnoAAbgaThxG96oAro5y4DFVmPobQBPBWtIv18UMfpRfJZF0LRlXE1pzRnsAFsXqJVEc4rdK3oE7DgHZbIYGJrxT7Xu+6MpXovvRQVPNnR7cZTO/iSwROYL9t6kLWXKFHmKY+89eHBpJPGnBc1W4kmBUA34Grhr5yvvT1pqmSWFGBdGpt4u/86/srbfmfMDm78hT07965C5l99v1ZtZ7YnJe6VeSIkz/L4Xr9YAHjQTOEaznyqfu1YoLy1SYccYTfe1zm86FNFe0VkaSI+SmJsiWcHsvZCL/tKRn9XOEK7v4uzqdqOSS13JLoWEAy95dpKWG2aUAV00gGeFtukVjrw3hlRNNCuA4nZse3JUglEUipVPpzfODsm6KvMQggctdidBNgC5fIiL95J4C3+NgC0FB0LtJ2I9EH5bPuiIhckF+yDymf7FVwi1rHQW2fnqrp81pQjgUaVz0KCuBS4Y+lZI8W+Kl/CbomrZ3m1fiehuIDGSESCNOY++43OIX+51m6LIU5RYnYZhVnv7XX0G+I9t83ZF8WDvh9EKNPRxK+TAohvp6OpX6ddDY4gv3OJjYB/VbzlRsDidIMpAkcwGTr7WoNTiMSNpxo6idhFnlJAR4DjRqZMwWA+7CRSF3ne4HYptTyzmxG4cg8o2J9LvB7uksL4F0knoTdzgDjlnCfEC0BjxCtXNOSrj2/3M59K71SmjU4CfJGuLLabJLaXuF2XO3N0yJ6apFm7Q8J/GYVZT9d0ASAY3BxldHOciXbszYFju5J+C6chXSf9QMYr5IhRRhaafuekSI1BcnlG2gXzFbxvz3jWRLwbIUnXWXC5jn8GfaE/xfGltvtRHVyAL+WQZaopXmiEVn1XqqaIY0/r5M6r2RVY5iU9m1Y0yRHQl2/t2IXtoY5c6mhIPi+zihzsaP7QSHqjyecfQYfSGXvxA/gl+U6nufosjegkEZyj3Lt7qHzYlOeFhiqLzQfitdFlZw4/Xt2dNPQwktCp8rP7eqB89s3xebWtisx9PRT8ZBo4GPF0qnz8/d8uNRc0aNBu9+jfmn2bz0E0Tp3EDRIKIJarjgUKBs0ScAR0y60hR0C33FpyBHTLrSVHkFHSe1MFlD60PI9vOZ+163nqb89vuy/rf22+HtQ3zTr8Pe+gUQHRTXYSQgiJvqXdu3cFM5+R+5UwbWWVMLO3x8HrWv18QuCPKAkUSjgTCRRKlwGY7AEjsBNBlt1zbbtWNThI0CRMQqVsUVW+cHwRKruGcUfs6+brmT9VJeY+/gjONPu++dTWu5lp1c+wz51PPTVQPt+YrGxPCWx9iXhkFN4OCVFIAyGdEW6eD4MHPZx2P1RMbxfgIOEnXeZTiTpCXxCOMGhqpfygRDDaQc0Oafouo3sUDljzSJIhOTzTChfuaviavr2ZVf/C4whLYCCRmZPknYTCLPMMcIaYedaGdT5tjl8PkWRQ4g7TA7OTdWwm6azCjj2YQvg01C4F9U3YkGskU97pQsTbdxWg20lAIvDtWIDuaSruyvj2Eb25fs+/VU097//rrEy4L5hnPM7f/fTtHAUuX5+IAz1OMjoN4OOf85jP//1eyOsLZxQ3feH4JW2yYvow5+ySoovJOljZKJobwGwjqfpg7Eikn3N3xhrt2++3hQbbN7dQfhsNog3rWfxqoABiVetZAGvQRgNHkN9GAxXkI9fAKcpHrmEKHE99VMw1WECYlSu8+ohF71iykKm2VVQGJC7jue6ottPVZryMOdeLulzP3Gqa36qJu1zH98TcfEejQ3CeGEJQvyZHAB/LFaYp3j0BmNXfd+ttDqtl+e4AE4yuY5m5jgwhYFjpJBeSdN4V6ZfgtL00BWtpey/BxkBBrXH23ncDzkvMO+5ACyDUs5Do2pxlrS/TS0B0ukT19jICJWpf8gl1m2dRJePcz2VpypRYlmQ7xOtrQR7o2imKLp7MQ8kkEUdi2+nt/WkqL92Gu13+HravZaiS4hknao9Zktk26yWUHMdGgduFJ6EqFroGFjxihyp1RDQ5tB2xdPn8ra/aLmOQGeNB5c6OD8imYxmknR0t9CnMr5Uh8qiep5C+KoDoo3oJEicqTVBBfq0MTlE+5AQcAV0rN9wI/AKAiWDsfd4MUWx9ejset7pF8OTAfbYqto+3brJV0WRVVbYq9nT2Z5Qpi7mmsD5XFcEJirP38/0JxcOPvl+e4qwnUHvJUAzXgxCXYS/B6OgrRKh40jnVoXhVIPuEfW1sP6Oa0XRK2DmA/bc+v4YBbm1SFOteOmwmXgZpux/b9cvx8GM35Cf6lJCJRc9tGwkyh2sfUDyZVUyZMiifPn4tsbV5r42tRckuMcw9hrPClElZMOLC+ZSshs0YHOgGNk+n5N5nyWunnLSEGBR7FokeKIAIQXseit6SI6DrgsZUoFpYPhQdnSK6LmhJBXRdUJNrQLzIUpGi6Qulk4PDNLQskf50Vf6sQZWZAS5HP5elzF93ya9lSfOvhQr6zTivA2n9AVga/HTb+nUF+M1uT0pu2U+vkwvJXttak9bY0tZYpr65C80PfZRq7v/QyqdzzIFoWJ2m2v8SiQ3c2Vdm/O5novMC+46oqK6wasiOJaGp5ms5xwX46gxDMC4B9x17sdwVUW3ndxesm+V9ABYHtbUxbfoLD71kzCUyshumDDWfkUBuQgFEdNTzgO4gZbplFAB6zxLRTWRQxhXNXoK2CZEQKULPg7en23WxWYqcCUj4NpEHYisveWEJBdjelTjttAJPKqCriYpUQJt3Se4r2rxLcgR0NVGRI6CtuSBHQNt2QY1giK40mZyjhjBooG3ZsWNgjZmLQ4MC1pjtOGQoYI25Z0fAGnPPjoA15pYdAWvMDauANeZIJqAryL3EiSqQHLHwLU50iiQlLHyNEx4Ba8lcVB4UsJYcSWR0Bawlc1F5UMBaMhfTBgWsJXNReVDAZ92RzCKddA8ahWlHLnpP0e1Gz6UIvy24L3ns55fjUAYPese/sP3N+hKeqSIS0YFU2hUsXaytT8ukB/k43QwrmfQGXHI1yGeBQKx80hewrkCiFVPyWUOVaED0GByWTzuCiLtH/ICEA6YZ9+Ctyt+aFPkJ2NByRUX1Bq2PiXYJByV8r7PNHQ/Dh5I6lk8PDPZWIr279yUQA2hxN/TMuCeN1uc45yzi4lfMggKyuON0VFYnePhX8GVPrsE4SCZDAFvXSSho2oVGal8onWCxoWTLY1CQC9iAFXS0b5O9M3jTURwnJq4l7dVwGImdSus7mCA1rn6hrwhBP/d0Ep3pJHiW41i/EklXfMYdUp+7URkuhgQ+KLldPX653v/CPXWLc7rjzvIWmHX4Vzh7LJuX8sTQsYMOKECw2NzgaMXrR1zj3W7yQDNohPvbE83x9rZ1c3v8c1aZj+r6eTn9n6vL9vv08Pj8tn057vbjbDxvhmkZ/qz4q2v/sdvv/vKPv/3973/57+3TH09nXT8GK7zMfud825dt3Qz/8d2ff/4f2cPf1g=="
"0.17 JumpStart to Bots v4 (Bique)","JCQ81","factorioblueprints.tech","['State: Early game']","https://factorioblueprints.tech/blueprint/868697bc-5b4b-4e9a-9f11-faa47cb682ea","07/18/2022","0eJzFnV9vJMmt5b+K0U+7gOoiI/K/H+/jvu7jwjDU6pqegtWStiSNd9bwd99MqVUZlSIjzi881wvcmWt7pk9FMkgGgzxB/uPL1/vX49P59PDy5c//+HK6e3x4/vLn//WPL8+n7w+39+v/9vL70/HLn7+cXo4/vtx8ebj9sf63l/Ptw/PT4/nl8PV4//LlnzdfTg/fjv/ny5/DP2+Kf/j08Hw8vxzPyR+Lwh+7+/X443R3e394vjsdH+6Oh6fbu78lGK2CsXzfy/n17uX0+HA4P359TNfe/fMvN1+ODy+nl9PxXQpv/+X3vz68/vi6LPfP4Rrn9uHlcPf44+vp4fbl8bz8yNPj82lFXn9+wTu0/X/0N19+X/5THP+jX35o+WMv58f7v349/nr722n5M8u/+MvpfpGFJPXTeVn14/n45Q3qdd2zkEj+L/9cJbBbc/T2zFhut1vut9P5ePf+b3QGdAugI4PuAHTDoHu4iXH+Yzfx7vHp6Xim2ziwVYe9vP8/aN4o72Fo2RZOOvLeAgvIMxTz8EfrxvIPgYhDI0siQjMJ0NmFP9hMnl8eH5C6Bd3TReiNQstkEff6/O9Wiw6u9w9X4xoXF3p9A0e4gYMOvdfjEvTIZP3puPp368bmPJ9OT8fDy+Ph+3n5s9+MpcJ4IEDv2f7LZvLL/evpWyKL8+u34+HxhAQSG10gezspCCRCH9rm1PpfF8/fb38G3bJoSPC4nbS9JBsSPW6KOEjYJHzs/HUPFrbupQ6JgmvYm5t6fro/vazbZcXSSM56GJZG6ZqcJxhLt2H3A/9m5xdnIIyGCaPVY7EU+9MmRgs76NjJASYpSLsZ+f3tVwtw04rFViyxtm0BIgkOPYiuBNEXIfoSRLiSjAUxFCDGIgK49US4UeDaA51aq9tFgD6t080igZYsrtOtIsDTqdNPvgRaW7V+8AVoyp1+7sWMBzK3EQTn0HF2IDiHB1SnW2MMUCC6NUZo6J1ujcnNTYLuQcJgYgLpdWuMI4QGV/uRaUivW2NysGrQnRDNrVED2D7dCtuMPpvQmxWCe+Fgn4L9qIMNRTDd0tJbSCt9NQkIryOQIvZAAsLWx7YsYgABYbJdGvZmbW9JuMMvr+eH27ujuewPYZs567oCgbZIcsULPrYVbQ/gipc4BUnhBv2wS28JTsg7gMtdnKH6TrIarHfMjBpsNnap/BnB+cgUYGwg6qftMVGDhAqtdYwQVVtr8da16X209WfslIVlFMdcV89AtY/Vb2bet1bdzCRTGcHNLDJ/MYKbGfTzU9XNTIMOie84Hu993xH6nOuYqq5h2hJB4NdAaP1sCvD4mPSjKUB/P4FrWOZANQUCrmEwDpjkUyrGrKZV3bkkwc7gzjUwdZjBnWtigp2r7lwadKt6hzVf6+/ZDNId8AybwUUr4x2s6HLW7SwJXDV10O0sFxOb0HWXsChh113CglSTbKQ4MbkjfYK19CM0UqCYwH6ShA1bcfcKNjOklRYY6HdLEWMb6HfXXbkk9QpN3Z1LBK+7gonKS6yuoeDSvSw5NzQNCZLBJbCahoQgW8blOmpbRpBuYzHjaOwFSgYXM77RhgWJjpjxYjbHi5hdxpfZ4KUrWxLrNfadLSTsmpxQI11aEjX+uL2/Pxzvl3//fLo7PD3emyq1d2gPx9P3X78+vr7VqcMSW4ahW/4abuKCHWP3F/NnNYujLihqqRDqNhP2SrGq6+1fwiDRBB3GrKAX4YbY34SxNQUciymRa6s2MaQTLrkRa+4h4Y2IkmiLKrc4ujAOrroldBIpESN+yAg/ZK93u+/I7GZVWkVUbpBXidCrtoo9ftrektxbJeLEatmmAaeWqbFP1VY5/hK+tLg8xRgTVFGUIIsy0s3Xg81Pvq6IrZyGMRMH2tKYGKooY2Bg9GQinBIacndynHlJKNkGASgkOG4DHBIctnWKyUXqZxL+iISqKRmhjmRcjy0HkLTMOCAbWzK5jHuwpaGElzHj0EzUhDKiZutsg+iVAyx3/7aXp9zmcndjG1U3sFyuw9z8Xr/R5dIzNja40G2ptNVJKuAkj9Jf3Q0EcBpWJrm1xogr+/ntShaHZvkrmvFlr1e4P5JtYbZVe6aLD/nFj+93yWE0F46YJQ3cCEQtaaAKDeBFQZzpygHfZANXV97BLU4yXNYWrzfZZZuXLV7+mu1t7mX9/Eh5OfqZsE7Exe/N11j8vC78pnUun4iasjfl4maAvOgGru405Kt8hjWPFExY+SQKG7aYpdnc/OSkPDA/RVxaC7Vu+4WfMsUpj7H4jCBc/YSJAfkrojCoCe4dlJw2SYguBaqML4KazItoXoTREqFfSCgtkpA/qfS1kKdF4abFPy9LjlMwhc2ZLo6LnmCmNEl6mEtvbsIclmUP9rLBI4SMR7I3AdBfMk7Uxq7hv6jYIHNDQ5MJRrdxH7WZuxvmbt3hmzg39i5jcoynnIAdQ49bQo+hcULCj9HELvmDMK8it50voc0MVFIg67P3DkVsGN7GvVfYSeoipeWv3pZUr3rOj7yCo5wzPFk/3Yiul/5uV/aSq/g14gboR24bqOJUEWzewsXyG+CGXEY3cO0BPaXZfF6z+c66kQLeBPbTam3YVvW3W0JhtHsSQJqNukAptE1gRXGCxFBy8RZVoIpgoypvFcFGXXnVa3Nx5ZRmI2pIkAwugdU0JOi8tksqw7YMSrNRFygZXMz4Lxu2imCjqgAxu4wvs8E15k3GVdiwmHkTd7/wKRP1M4XmZaJiwrpxeEib7TlPECOl2IjSiJq1Ud9A+rYkV7DR+3jJ5ELG1Vg86BhpRjVZqqMKP9MiripE6fxL0lCalWtEmwRW80mxlMhJklmu4iqVxkNGb+2VSSnSzElvoia8mVLiyvtc0CglSVxpHrEFj5H2TquILbFnqAJp7Bmq7Ql7Rk152Ud5q5jNludSP1o5uBJU8aNBRnTvpoqbDzKiI1TaKqqMuG7Sf4VG/Z1yQ8sdjOYudoqZxUycb6MmB5mYZrMNgjRZocEiocrQWLGTeGnUe2kkGeq9qpqriHIg3VUybs3GVkLFmHE9djM7ycwyTsdGxQ/8HIPolQMsd3W2l6dEgbnbvo1a865P3fyaxKOqtFUv+4LWILCuv0rQOhsOsNqXJvR6m3Wz3iW7JYLom8m8QAz6K6RLhs+OVAf6MiLZ2Mzi14vw2wcEsyQUKzky2m6jpiwN3W2SSpkpeNUTQVUslNqWpNfMrf5JbXvLfbj0tljRwMXTVUpvi3tTvv6A9KnUYgdda/Kf4ggqC0nMom3KSFpq7v1GEVx7Yhgp7Ga8f398/HZ8ONz9enw2Vxx34vh6e3bSMCMw2lC+gY/ATBM4p51mHLXUyuTvvv3RNc1g1F2qIs+IWgstMbncW4Y4NW/8gS6Em275/31vFrXjJFPALzd+ezcnWI9PrumZ5ce5+bl8s9IcSReZEW52FZFG3OyqPjLququINOK6YUE+7kOBHAvLY17ElGIj3sIdJQWdPempU0ek0bZ0huFwLPiG8UPcK4Xjph9s4yItaAYorToyjSgtSE6Ne89gsUYu7qgf7PtDSrMRb8a2kqbsGUZ6sZff/Vy2HYlV9axRN6LqbisqUM2wCzcWSWg0AE1sHl8zhcJbaZvQZgCauNKqoRBB6jLUNqRl6AYudUdqRVJN58OavdNFUk3ni8KGHdTzbEs1mG2y2kYq5SfGJS5QKi0msKI461gzmn6BgVlpEkHTr1A1pUFdOTG7hq5cI9VMUENEUs0ENSQh1ciJDdsygnS7jBlHYy9Q485knKMNS149tT64PWEEmF0C3jonUKzL3Wi2EOtyN5otRJq7cUVAUq0Rbhcmz8S9e9+l5C6di9Z03E0fzWi/1Qg0kbplkUBDfSaZfRQy3t60RtCdJhWICA6sMVD/SSYVJUkLERzYZgLuThYiVLYBOtQWWGig3roleVUaHIIONinvTAQHxZCQcVw2OLFJGpICls4hZJyUDQ5sMuOpTGxA0zmMFBtYJI3wQJObAzUg0OTmQC0fTEo6UPMBLJ4DtXvA4jmUIxTQ4uZA7RzMR8r5EPNcBxyeEGH417PmbaI0JPZOaOFZ2+Pmbc49qGfN29SPZs3b1I8GlYtM8GJvfk3zNlFpe9a8TZUxa96myrimeZsoB9C8JheT29i4eZtjEKBPDb5gAgoOvhkPrHmbqA4J9UZC1VQXcG5ixvXYcqhp3qbuH2vepkqDNW8Td27Ezdscg5AGI+XSsfbyWPM29aNrmreJigXYMrnMt40NAsek+CF1hmvHquZtQWpp145y7X2rVZhNAltAnknT3KIM6koLmgwSkszt8/Pxx9f708P3w4/bu19Pi0CCmZy+/MR7j4DlB05vU67vHp+ejufD3e3X++MX88e0h4MZJTGzioApkyaBnVbaLSDHpHDOAK8W8GHStK+4fYRe2kHFSxgxqm7sdfuiG/eP30/PL6e7w/Pd6fhwdzw83d79zVaSzSp1umDM0wVbwI5J83vunpJE51jUuBkbYdjv5UXQt68vjz9u13+3LOpZssfRVxt7Kjcwx6ksmzYnm5jN2OxE8/18fLj9ZrsmMJXpEMqLJonOorYBHsshltGq0iful0rl9MypZKvQZl8/jt9Orz+KhaK947mqE3XNcNMtt6x+wR2a7mYIJhmva7J2aOha8FRtcVk/Tne390Ub7Bo9z9mV9rYDLJfiOdglrJb7x0UOv94+fDt+O/jbnDlfLKfcNSAq9RXIhlbufpl40ZydnnBbNK3ce6IrpVyVfKUwD8Fsl9sl/BdNGfd++qKMx4fv6x95fTi92Cqo2PBMdwAkY5qiLgIGTGiKZpJQXrSNnHMbuVJ8V93wvArgwITIQrQuACL3PloqYsusz0ue1rwddaCdTMgEG/Yiq3KfogDAc4u9hhSxQaEhY3o2dvLcQswn2hsH6DD05tIBNgy9uHSgk0ySRxPXXdPOUF0351k7G6dbXLuPYYqLrGJVi8IFsWmS7pF6FXaE+rKBS70KO621TMKmldovd9JMpgRW6undtfw5sNnDsmu1hoSBfjUcAip+ddUzX237CbFl49CK2HWPfDWbaPEj33n3C9eh0PvD3g8y3s3Qmw9KOml4U5oI/PQ1ZszZ1r/4NbqV/+zO9vEwffkg+2MICyZmPIC5QYQGsyUjnQ7pHSG+JKlNZ05iR7gu0XdS9odrLOwIfUtCc8E5zakypdl1GmE7ModGeDBb7OuqRl2G1FUNbRzFBLdP4rkksJokJZ5LQtT8hGp6I6lLTUr/1Jxcn02I5pPFOw0GueIOzH9KGZCefpCRTyGUlLfXmNgZZ2GLWnoREXy7tVGBpfmxgg0N6hJTcY/IwKaptEUDfER/GDNH85o761tztkU3SGbXF9dLzrayKKvKCy4aCTeLH0p400UwmrQMjmvSE+gJsUVLUx8yQbJpVQnJhf6CZragZUwxxAMdYsoBXsJ0eV2++fz+HLdYnngX68vvT+9G+PRq550TxgtAn1Pwx9cXF72Dqjg6qlhKnwMCTGjKIgcJzaaoDDUNY7T4vK5fjHbpGZXgMbQsyJsgRVoLSPkkJTuVMimnViYCtRcHCdLiJ1dNStJ2PuGzPD/dn17sFU9EUWlfl093kk/FnrXBSL+cwWOz/BXsKGSqqR2IH1RVOhDlL/E5/ePNVJhZsbyYOZVtVMyati2PtGuBOQwy+ogmhmbGmRZ3SimbR+ojAX9ln5ArSqGKMS1KGHRU8h2zDQ1p05Kc+0aysxGpRN/IB9xHTco0s14aXpTLX9urU064TDbfBq1iS0tK1Td6sJgpcNjQVVxpqd1uT8YZbdhSm+C+ocNV2l0+61MJYs3WD/3glR/6Ri6QXwpgZqfnPuBeviG79J+VE7uNb086tWw6r21wXaOWTxtsXW97QFJJ6kua8gTCrp5dmZh+IOGtYG78sLtDvunF48OiGXen892rfZXsxc4uVzdVE0dr5TIVcUi3COhSUOsW6FK0wUfbqe19P2rZ0qbfb6KR6lvnfrGpq6htS1v87qo3C9q+J9wUOkvL8JmXAm2cboahuxk7c3RwD1grSXnL3cmq0psrbXoAhikjkY/ae9+GRRpmZ8QeNWoJpfWjziyhJNuWFgpCTj/eaN+LgMfebDfek04tc1EQwAjnohyADU5FMOVidxjZ+dhm3wdln2aM18fjj9P96eX2/Hsx299Lc5IOLfwQUvsuipqcayWNQtyS0soIl6Ro9NKoo4MfhZobAQglxTMMNEspntwJawQ+hdAiZNAgxT9tbYkq9uJHbjYmSEA2xW2qeSfg7ZNED/FvAebe9DXD+bRQqK95GaBFwD1sFB3azCG6Jr37vl+fqtyMTbsmvs3DtMcvBuxrdUIOgQ33rcWv2fpFHG8Zeztb35MOKhPcCFAImKBm1kz3EzWzZrifJpCqTiraqlOOiVs9Wu+G9mpvvvxyul//zPqU/fZ++aPv5eW/Pp1Pj+fll5Z/cF40y767D3Jbo496hK38VY1WtGMGsFDorW6AJhuz/mYbjbH2pPcavPekFwvMIJBWLPD4HOB1L45ZUX14Ntsl0yFI+9ze7sfciQo94bAEtheE0hKY2o5VbeGlEQE9aOiSYEvt7PsRNoX/tGJTMxMmi4T6aa02Km8Jb0d3I+wIL340bAgvfnRV0xZt8ydwKdywNaUVW7TMTBqoQ4tvCuahJpFcElRNK1DXljZdsYlGCJu+edk7tplXmUWXoH/WhzJlrwe0lkQszsCPPmGy4McY/XUGSX6M0df1bvE+Ya7qSu3pScJpwdz+nUAAt78nHVtCKH4E6U8digIGhjgXlwbscC6uDJQUpiIYMKyp+JnSkQbDmZk+rmuv/dgnAv+4XI3H3ozsh6Ym7+nIdgAtVjYwR7YDGSRUUu6BDA4q2d2Q0FZo0xxjuNb7Ds0303JbnaKzS9kCeY7tv3NWMtt/aKQKuR9QWYf9ANgtLQpOhkZP0XTF/dUPrtLJOyTEFZjQ/uQszO8O2YMsR77faUaBfD8EpQzhR5SmOiR8Fdjnx7Gjn21+srYEiCyhKW6vfs6FpqR3EinFvxDY+jFCEc8ZEa/Nd9YM77pxk/0qbCD9ViI6GAdAZAnRFZMJLfFYQuuu11TvyLq6azYTcVN3W9kie7IgfjFr6S5+MbCxCW57TTlCU1bAXAkj8/mgv8r1TUhYdU1ndw0akFfCzGTdKoYWYawi9VzZX5OLoK1qvR+1C9t6AWcll4gwoXVzgxmUoVUOuAgdokRUidB1A6JKhO4M0FYyuTRTvoDEkkn+2dCgi5jvhE2BgF4pe9pvEXozt9Kg2+j7d9MJA9YLTOIOYEJQJqNtQw9XAsmt1Qt5E6JLcXgw9I6A7wLLBEPCfrE//LqEY0EknBd9vrNmXQn1pQjtezJTTxPqSxGape6HXreu1g8kbYGQHmKXZUtzFAbSEWXDluY/DD18A5vU+NrP9631xc64uMe5NbnWQ8/nKpjjO4YevwwKmWW/0cSbD5r4chNvGnv5VaU7bZNJS5UNW9vkAZbupGEng9ZOZUOVhp0MA25itJ2x7XWG6HR+fDh8P96eD3//dQldzSxRQnyhjeEs/X/vbOex6wfUnqVNt8NEI93f23TZJlq2QUu+5BYrS26DNHsoeech6pDUYmxD1fQd8FiSgp63eYC6kqB5mycNHkpeh2hyHKUC+oYqyjHbfiVfytwpGihlDhqFZcv1fBKRGa2MWn+xwRWRjVo1VNZVNfKIIRRVTevf55us+cVSD5YEVZPjBIxsLomRUFXmkhTJKKGpCJYcYi679TClkrvwWZ9Ox/PdaoBvgfDzYoffb//vYogmx/X++ItdbJkk4xqZ+8lPGcq+ItpFAu/B5t+X891efc3gE3czap4MuWCEklJSYMJIiUWwzbRo6zPNIyTUE/oDmnPA84OCcwrpNeqEsgL6mr1/TomBNQAKSzEYnAl1bHcjLDZgGwClpRgEz1mmWK6evNvFUj15rnmO5Mh3BCyW0BREMAIWS+YAtW6OI+C0ZE58G7r6HZJ18erb9QnPWuS9mUfz9j42+A2SmXsYE24LfINkpR6m9wr1uPzmtGZORvM18ghauAT/mLU3oqbwJ6oPKPyxW8RIpgj5iQ1z1WSkkJ/dsKHhE/a4O9MM3enfH96964+pOwG/P7IVH3RriR2US015UNxNaK7XeZe9nxmmj+Z+i7jNJOcYrksW2RoOuxeOYO7QPk9VFBMoILIc8xhmXSDQC8TrEkeuAOednlEvZcRSHmZMyC6Pp/vD+fjLElOcf89Vmj7P1kkTHN9+u10iym+HFe3p/Hh3fH5e4hsrQBljW5JF6Yo7JnQYvVSmqW5CiilCs8TcGEs1wrZ0NRrjWILoihCTuvX9H7/1uoVlCkTmvrUlC2uHkmRaUCz0Awxz60mTlu3LpZFTI+nZkttTExu+0pPm645aL5cNVRpuObb8lZ45e2wUO7QE+NHwlZ740VWlPk2xSOuW3DlhYmulvjFFNXEii5qSlnHGIMyfLRfXHlw386IGoWnMAtmI5ga1xY8g6ZZ0ApPhl4tZjRGwYJK1O5NIx44W5rdyVrQLk+uejt28Vrdv5s58qz3WTQ5y5V81OciVCH1mtF0pTYlc2sKtLcAWidjRfF/Vwsz7BtAyJp2V46FRIw1ZHXlvC/f2+mq2C9hjX9PHzBVGzQM+VxbA+qYiWM0DPvcz6SS9MeNJ+7fHV/H9wcjULp607eydYi/9XElUv+1zFr8+RlsWbq6ZcGBiaeVDTU8zF4w8Uy8pBBkgVPQogxRJ+lGEGf0AnkrxIAMsFRjugk4sxVABzwryg2jzGiVRUvxLhPn9gJASmpIAAB8lNKU9l+gos/u1pgRB05QQ/UjOhAYv7KK77za0ciULrQtqb7xCOgkt1KaUm6kNdbf3Xjl4ktEy2uKkuT8DEyPolhJGtu2AeBJGpqzSPKAIHb7UKmXP9yuCArPynYEtBP2ACjPcukG1g49qiW0HE3vmI4pUMa4ILR+QTHJ3ZAsaUE6if6La0OCBD8z8kcE/MPFHWqBckorSAJGR9EPZ8pUidlJE03KAtlGQziiX1Je4RDKIpIGfr9GUZ2/BptklhBLKdG+uqSu77zV+bGroPJJ4rXy7dN51Km/5WzA5F1NCTUEZuM/bUiZATaQBy8VHOtMWJ9KAZXO4LhrmPMfG3muZWz+BgUJb9s39gKopCS4afmtwoYDvxAEY4BNgo2zJN/cTqgYleGiAcrKlwlywCtaziyU9LBiJ45vI1J+p+LEVwxBcrD6nljnC8U4r5akFkzbXp2XyraEzuzIhg35K8q1hM3tgkSTmCwuLtClRsPddZgJPCVEEtuSyzuPleFlb3Lxl7geTBDZJ7VMOflxkalrCF2FZM2m89gQaqbTuwm3kiqSkqzw8DelC1ZKZd3pY4DJPCV+E9bHKKN8b9XaIy19mIW1qlRc+/rXE1L+EWcKaRVnf8XOEgdOGawJUk9AU9hlQS0JT0j+JSzIz+wA9VUJ0oa271NQCJnP03IWNTDOY5h11SgglxUnT4sJqZiZo0IBLEtzrqY0MUpi+dtnQsG4dM2dfwsa9CSGY8zGnjnYxsjWDtFDJXGVNaN3gonuI2siQSBLbjLA/XiksvjKEaEcagEMSWRpqAoSSiJJnExg2tCXPpGziRBgkF2gpmzj1EtvrQviTcsxTL135LqBSjnlKpw5pCUTzDcLUa8TJwL5Y400G9sU1qU5x22tSnaKy8sbrHyfWvvvGhyTNn9E6NLjWYEoc0UfaBNoEI62hXQMzgytEJmkTaBOM5CldmzV1YahPWu50QU9aDpIpXriOomJow5MjchqDxGa+cBDFlUqFhguouNKauQaeXVR1QfGUd5TOr0tdXzOvhHxCk8s7tSXJZbFXyuCpg/0p0mkXXGuwQUldIJTUgdQFQkkdNJNy7dT+XJDAnEsLBJY0FyRHZvVMJSxwWE2Fb5T4JQcWAk/wrfehvYK/voO8D4dY7h/2U+kJDegpCZbYSkmwxFRK69osBTbH0HxEwjPR+z+8QxfLtAndRMeOKbb/CGMChJNSBAgIJqUgDRBKQlNaVkXu0F1XBfFRix1BMxLfn9vIiPyoRUizcvCEFoVyCWdEy0baF94ZMR+lz50baXiAG6rYmCBd6MbEli+aSQ+SkajSDDgeV3GxgKwEbtH1ybaEe+A3w+xKouyiZ9JtZGaCkViRbs7CFoxsaT+zu6alzY1iaRE5gRnwOtjlfA7SCAHkBucAeI9uysNebQt0N/rBpaC7pJUIyrbOCT1E7mPhnOIzaRLCnBoeoBMnP9heqwdznJZguzWD7Tmhh8gdI5xoZA6lluexcD+by+1ACreyedcNJPMVLgLoX44yynOxwUdbuM7Mu/4eGQRXwroNtIUAe466DfjVBjNkKLfzKETsc8LE0KxoV2S5sqLFJk3jicUe/31BhHp3Du9D26LCF5J4cxtVBPcrakjxUu+hGcyd2aCljklzwpEQS1rO11e34Df6ya2dFhJa9titfzMJOXNL3yVf3JXxuz/b5nud/2etS8fFPUsNYueqJh2a3lT16ND0RmzR4eq56fE6rRm/q+GmfDsStW3Vpc8SFjI3MyBXbD/l9OGaEzoF7J5h6vawtofYnjqsfzNJYjPu2nG5C5u/O6+NOtZmDMsvLmd3CL3Jb5lR245Qkl0NTd7p/TTzph25jXjv0+E2PZgJ1WIurJy06pgLIk0oFYIhXatE2XJ6qfQ0ItPXeBajZ/E2JkimT8j79dWdwrvrit/38/Hh9tvRFjMxspJCVDQJdxWVT//1lgUYFG1hVUOWUm9UYUd7RwpU5nmAXMLrjb++7L4P4V3c7Ornw2S2SJoTwoVWepmRkQwgJd+UthMk4ZvSfsKTbfbd+CrjeWzWXscfsg52dgF0+Lg6icpB2AA6E0cU3gG2xQVZW/MI33CGNnOUNu3K1F9Fb/bimRNqhla+sNVmhOZ5qTqYa+4va3a5vvN4nSXJZRXCVFD6sZQvuQrfTARggu5pamtDRUdwTYMTGgYoNNRF/aOePwzscphwNbSqgL2BgKYROyRmQNrIXK1MZBJu+hdNaQOnYtfhoWAiUyerwAXLM9iEr1HEcu/CZog5gYT9hBR1KiUrrxi2JsJmRJcXiE/3tw/Wbn+srd8xNBc/+/LWavjufHv3N6fR8DzJKXpvrXMjy9HPq5g7NBczmaWoPKFplOR4SZTv5Pjr8fa338tynIup/FKoPhdT+aUcSULRKH5t72jN69flKF//iPkDxb7cfWmJxTx+ybnM4KK1+8qSlwUDYTZoabxuaCSGxpYIlkYKL6hpTCdlrEdLqAsQeyIiTeddUKU8xsWK1Y9mL0bUtYJcxsWPSXq1YNe8HFEVi0/5/Dh9xmvbF6arLj+npf1HKCCaVNydel7l4i3bGqJdrXtL/MKf7f2f/dmF+a088/aby9+i2URn+eGatyiiLAHnY8MWlY00+oiuAVqH/YJNygURYgPjjtAdBWDcl3UP9um2oJFWH64bcqRAcpQzxMYWfO3nrsvrb2b0sz5SsiXUNmRiXxVJy2HX5znYwE4vSRQVmzQkdoMkB5sO2L4s3tzpwa29LT+VFP38MaiXrNggLZ+Q9l3X62Brz126khOISsOCrbA27taWDIO9e3x6Op7XW8CLPQD2vF4T7aM+1jTE6r1vaomZQveeUF4y8poLC6yYBuzuYIsK7dOVgZQIkWuxFJrgmImW3ocDLK526N0nOMtPbqYohpm9HWW644ntn614YuPvcEW9z99h/TCFtyZAgmlLnwxYL0WvBPqHtF4IZdtvRx94OjeYQmlx+SHlQure7O3t6pTrqHvGOpgVdT5/30BdoSkqlHLEwdixU+6UM1QpULRzLyr2JQhwUkL0Vu1AVwz+VVcNHt24NyAHWrGq0DITkPgqwXU0DmjK8FRqoE66rJeerA1wcdKbNfcm4ICCsjhM2gCaygVa1ChAWwmuY3CgpWc2bhLOlvKgpE/967oDCh6zuR7XEYI8OftnKdWxA8BHoWksqcVHhPYvtfiI0FMB5gnNtwHqSXTDFhsatP2IbvTiQIPxoDDbPYJL2qVEM4nYNY8WRhGb3tgupZbJSJq0bwnmsP7N5Posv5cedFJhaLYtfMRvGUJh4W9068Lqa9phqbtM6ocN3GWtCdbsrdj2L5NUOrygflqrg8oeLaioiBd9cYef0KOSBpnYa4a2/GM+LWb5tZr6xOjdo0gfkktFwkcjNYjUQG003sx/ulJpVlKURuBs9YJPVmNfACc8jCN09kd8f304vLyez0dHMWbJPi+Bu2j1oFnJln0VfSDoXrJhiz6QzMOZS3pNJuDMJbUGHUwOUxGsYqCo/5lS3WBkBqCNuGkhKKgJxIIMQ1PR8N+TYQDtSg4lDxgacoxdu43ySRIacm5dH5HFQzE0usm0RTHoFtMW92czGPbKQos8QgNeFjTFxYKsSVOUIiyNX4eH1wH0ezt+l+S//O8gc8I8ewCkFXgghUAfFVzHcjsZFR4UvP1D9nND5uf2717cPtrLPwRPgUa4OaBi4B4kDnRF7yAVGhit6w8c6IntcWz8PX7rkP62xz+3d7m7DuaD1eXfoK8U7It3ALQW/xpliwawWmLHNjRCQ44ZQ/45AODdkN8a1qxit6kiATBe/Dut800VzxlUcYH8KctmhVjial/RQG2IUf/wCcp0Kq2uFIGHYq+VOJYgys1WipFCq+c6Yd4ntNSW5swp9XO+w2JB4/Kf2sFmxIa2+IyhGIi3urm00ZOIefsICQml8MjC3/LiE4au+IG6WbRuzsk2i7ZkFu1QXJ3cgsiF6MCLnr4kcMAaSYZlSDM+FvCacsAsYmuPFzoP1TZqiS2SzOKQxmYtsDjfH8yJOAuSNr8w0AVKKY4LrCrNmmS+rFw1zYhE5Uo4JPTVRtiNhvtl+a3b8488kS5og2Wib4D2BmijZbYem9KwsgV2s72/Pz5+Oz4c7n49PmdLCD+hv96eXZnz6RfhX5N5rwgnjFAvJfJJMqdChdXIy9RF9/AelkxUMOZVffDFbxYLCnYIA2gpW3L7k9naepnwUoSKU3CdglLeCmRgzZzKzEaroDfPLljFwN/M0iom/vpL66G+jVebdKVtb0zrEEYnjZRQVARtGMrKkEsag84pB99GHbUGxyiMogapJD4UdYRMqfGDJ/vztaE1bqBnfzjtk3KpxBh6uI7bKOgiIa/Ekg2NwCBDEQyU3UJZD0ilu4xGK91eQKAUusNIj8Im45o+nmu4fa2Wf8gfEri7CLqmwBuRRETxA0gHVD/tuqKWJDwT9jxhryVvF3L7J8gjAtWvTfAo7H11WwtPvvMB9JOrmMgGqyjkZfauoi2YGtpOFW8M1L0DY2/8INZe9qynLEM5eEu4JDKautCKaR4qdEUlTlULMilnhsuWSNHutcP2lRL7JDbQA4M+LWGmEqY1NifZFQEDJbL4LzZonIco1Sj1aYktUoAIpubs0y1lMdQM71CxK6pn6u5thlZswOWd9s+v94temud9TNgqcmOqT9HE/e3bCNY15WX/CBjlgWVf0yspSGNZQgQklgRcmqbyxjyHF7Pu+hd2KYJMR/7lx5JboJiXN2cZrVx5uuygLNvvjhNJQ5Ytua7uArgVbuCq/mjjgQe6ZjpfIe4Uf7cFafP5t9cQN6GbbVpJTOgshFhvfJqQeoxBe8jQpZ9nAkXcYanNiuwiLVdQUSt0RLj3qFvLnILbcKRBy+yqv3l3iJGkbyYKTtI5IwUn7R4GCk7aP/hHlgNeMZQ4ox41Y4ldI2ylBwp0r1pQnpjKawT2NRXl19KMzWEXRdS1K4mtVt2nkq7JoPqyqZla7O8b6VdWRgNWFMtfCqzIj1/sO1On2BTd6IQrA4Y0a1OaF/SKnKgrW9RJ5fP3O0LVDy4/dnOgdRvyLxQOtG5QI4XWrWui0CSgnH1wpXgZ06FBboOu9WKW1TnSeKUp+pqaXivqBYQ0W6GRaA+yogE6oIQiIwwKaAWtyPgjMD0o+PcZW7t7UJGg9g7GBgXqpnql8996FyTKCMoUvhexFYY0aqHObyCnYeaSJN14AT0m+rGCI6SKRi4yNmwsEXe5lF1ReX1oEYeVXhXthxYx4dcIoyh856ZQoOKgm3EMVHK6GefSKTZ2RUsY1ZwH+Jwwn1H5eMzkvwmICfVGe7l5nVizMcETJJo9Bj1iIk0ej+TpbvQ9nsT5ioCHE6nnHpEdZ9ySYsejkpDdJ6zLmwHzse3OG+0swR6IvvyM8pC+bcs6PwOJ74sOWHcAYQeXUCbQ4KkvBuKAq5NUe6SRTAt4TVOnIE1lWsDTNmpadceTQS/oWFKJkgYRLbDaY47O/W4Hlj3mkFerdawIdLWkZ8WcgptwgJmTVK5EjSJdX7a1SuOUFnBiaA00NNL3ZTsYVbEkhuY3+N7OwE4SB0irbitWZU14qgMFJ0lX32M64JWVxqppc8vPEev0/Z/5LS3pMLPFySo4sdXWFZMDTqa4+I7WASe2GunKSZ8035c74MRmIxULqYxcOV8bjtQbZyoIUinxfbkDTmzSP+JscELu2fJRKnjNwBYZvGZiiwxeM7JFBieMAOqqCJUn+MeFA05sknoTMmwpUD/IGDshY0bCDbsNNYwBL8ZtyUylsiOMJJF7yFilElC0hKkzlSVR89LRlwSwQ2rjhJhDnRPh5VD3QWg51HtEZoPXx6SiaySlc8hcXKVfIyOUYlEXCX8nFu0kbVbj3tAuPu7z518mVr0nUtYptH/7Yg2suj/+4okHmGpT/iBgqk1Z2CTbquhJ5igABB//TDNTKS1g+8CcUguoP76HcaD1s9F3ujY0mK/k+1wHWrdP/8h0oPUj0g/AHWhQ6yybDSAEZQIoZ6X6eelfzhzoQXCGSbQqYY7Eg/hXX6Ua3oK+Opm42PkQQEegToQwhKgXIXwh6kYIX4j6EcIXoo6kB/ZJPQmhB1EDBfSgTH7DwQa8AljKaME0p0zezsFWOHrrBcZzK0kIt77JrJk52gI+US7zbGMDzgF1DoQ+BBPyLaAPReocQOudSJ0aGQ4FKyAtIQbB0k07QFrBvpr1iVbwk1I1jPYE65awhSb6MWCCFKwntqAnT6ac6GArI33b6Jee9BHI/o0SMInaTMRlY+tWnSmkO8IDMwD8kpqzbt2qW9+LOti6VVPOQgtmSrV+JdBZN7i7+t7fWTd5aH1ZuDYltQUkoYR3oQ3bayfFhA/tT9a/NluuRWSh6K7YASd10Yu39Gbltmhi1Jyu1YYDCd7N36qaQPgKY/rpCjjhK4xlQZDa50QFQWqfgysIW8EId2iLt8SVI+7QQMEJH4G6IcQd6ig4scIOajbiELVFj4FYQ753c9ZKrNB39g44sMkwU/AqPoIG3qEpVNCbdGgq1UjBCR+hZ5rdEY5Q8P2gA074CEPpQOgIKyj4zskMYzrECoL+o0McoZaCE5v03ap5lHWEIxR8V2XLHHGEIhQL4ggFCl4zWlEWC7FJ3w864BWzFt2TrCOkoGLo2xEWkB+cOt8NTNB3/w42sEDf+zvYwACn4n4Rxo/v7e2VgnlTBz8udbCBvfkBtYMNzM0/Xh1sYG3+oeJgk4sixa5hAqnyrmECqdjkLKQyqRiKqq67ivMjrpswgOhRRfr5NHTdNUQfdd26XWJoUA+h0KDdAYUG5Uy6j4BlQKF1k6SeBFB+qHMFlB96JgDKD3XbgPJDT+CahkAqtG6N9GwHDYFoKAUaAtF4EnB+aBgMKD8TFAhg/NCLASH80LOAEH7o8QgIP34izoHW7XGmqwZ0H3o8km5A9BAj3YDo2QvoPplEhYNdQ8MTsUlXIHpGAhYPTvUBFk8mX+ZgAxoePRUAiyeTB3awgV3SMxiweAINHUB7n0APHUDYyST1HWxgl/REA4SdTKXDwd7sUmu5upWY3ofjnj9arv4k7Nzdfr2326x2CS+HdAb7nNlWnt10gKkT6VkNmDqBnqiAqRPpqQeYOpGeTHgo11a15ZpU06hL/Q5AvaOnYELcEWU0Vstoopa9kU/4b9Uw7sSKFWD3tL49ONiAcedHJQ52DeNOXfcA9zZpkjRfb64yAq8TOwddPkMbDN/RzkGfYB0rI9y76ILbokd9hOK1RZXBqc0mBLSafU3oQbmpCxP9DNzHfSM27T7jU6Bg/+Bmxz+O306vP8CMj9Fgf68zQ96mYIQhhPVv9gS9LuERSRNLRq+ON2OD3s7+ncR2Wmn/nGTPMZbXPdF1bxHqbt0Xsqn9Q9JokzCVVtwj3lDPnEOf8IZEPQxZPVzHcIc+vOnh8p/Gxn6K0CNKUcesuUeUoo756j6hFKkK5Cn+RS/sH5JMNRRVvk+IRVpf1YQw4oNqU9wbunXSATuXlzfTXfKOpXd7eHxYLOLudL57Pdkeqk+oRKIlTTlDWi0zDO242pA9gagP+OwdrnVdj5f7hG6kxm/1v0V63x52t/vim+Me9ShKP8JG26y0OMDvWsPSYDORz9fb9Uz53Vm71N+2aB1BMd6xDDNBx1I+7BKyUUmckyTO9+GIixHe3p2+2UJNKEnFybINPC1QS6KQib6VDFIPSErBv6PYnhmQlIJ/RXGk1Ok7MLjY5pWtT0hK+hRiVSbDFXYuc+o6EEBGEoJFQD8Ks6ttzi7BhvDbD0zWjWXtBT8M6wEX7IbYPeAk0VtxDzhJ9FLcA05SJgPhYIPkUkvXrU0Va33Ha8P2TG+2X4iNoTjvF9ypdXRG60Qd3G+wdZ+MH7voS9Rm3PZkGlnrRxEOOByxKW6qNJcseSQjyhkwk7abqCpnwE1KrrminKVBZckjE1XOkk0Gf/scOUuXyzEVsI0jmdtAN0q6XOLtl+6WXfmbJYtq4eoAwehw5b1sNNQKM1yvVYg0ey0PS2VQQ7j1ZaA0c/+AiUExG0AeuizQV6ReMR7qQROeUCne7dztcaD1Oe++xdtuLmEJadmTPhsirHmTYfHIS2zpJCAT6pBwMfPDBaXNWT8oHQouP/JJFf+QJiM9IR35hmtrBiEdUa0jpCPf6TrYgHTkHzcONiAd+ebiYF8bee7i6brHYSphTGWMipF/6jcSEtFIsUGLroZiK0djJjC2j0ZADrrcu+UVKzFmzPhAG1UJMa+LgjYOoABRvwWa9cRAsZVwM/qXaUeqgOxDPS3o0hOpp03IPRlp+NcYWxqTZGv+nctBVa5ysS9qLiDrRHoCALJOpCeXNM0rlk8HiYQTR7o7FV3s5C8H1kXPHMDDaemZA1ryRHo6SJSbPaunuIuzYmMtPSVBD56W+nPQgieTAXSwQUM6mgCUqDNtOaUAOu/sE7jlNep2l0k/m9hDo5f3WphSGhrlVNuojNGbTTkQPswGp41gHQgfZts6bQruQFrsXJopyisH+ZZt5dp00aFhpYLPAjFtedCYMRusNqV8IE12Nv+jgtcQUFUNCZRDvnFEf64fcUSHgDlt21luDexdyZpvVawwNYOZTRqClg4din4g4b7cP34/Pb+stKNfj88vh6dFdqffjoen8+Nvp282/s4xfL1dMe3f2az274+P344P77+SXXQZVCoqxFiWwiCvLuqrG/8V0Qbjdxx1n6j6hbmsfisdbFG/5W9OtXwIjHDqSz/hw3BBhVHekIQbU9jlbdFl0Joan+rJSKOe4J/SDrhW6StbT8J4qdg/S9EdUctWGnQrJb15ZnjKRUQulZWioj+Wik268kxQGqQrzwhjINKVxzdCBxsY4UCxNxs8P359XKGtFb9jdrb5gfY7W7FZXV9FVywZe8RhU+7YensE0PezfVgRyosfbzofQjpGQuwuG8vGXBm43fOgH55fzq9vv3ZYlc0u2w2EEdPQryHvmzPboFAGhoQgo+lXyKqXp1ld9n2GsUOts0G/3P++/sm3rTn8cl4h7R8ENUS6P4Tu7QcEaKRXxh0Lpe6hy76vMsQ/OuK/KMfx4fv6R18fnJcXQ0eGY2ZOBEmL++tsUuZ73O1IuDmlhJQfL9gKk9ByMkSDzSX5RIPSbCWXZzD0SmbXD93sRFDC5RHoGhk/qOhwwvLREhbB8yG33367fbg7fss+HRoSHhDgohj3Ck2DlfxU6MpqrETToZz67OlTrY0tUSXtATz38ONeW00H3bQDte2BPsGKXughyom+iY7/mhUMiIXg61PC6RF4BxmcQd7L6Mfxjp7Q0V+7YH4XC8X3qV8r3c2mxQ+DTt2L9EI2UAOO+TO/+NZySKhBbHKaKb51ENv7S5Rh7BcZzsGW4ShRGMr5tZEacusZsiwvidAwl1cOyqtlA0sIQtIu7isxO85nVv/JxC9aRxp1xm1LHQWZ+EUrdwmVyA5lhbrlJD0D2YC0QWcDbgWU/ERfUTJC075a92PsPUzoRPT9kzXosW97W8cn7flWuAYvunc0DizSjYY1WFXkVc+1tOmBw4RbiGyutUo5cS+DrWa3+71fbp9fDlKHmmHWHnhRy54lxkS8CvFtINyRYIv5LKkIXWgGibSU1ApVmUiGG2NZJvTimlTWLJlkO9wMs2S72y/4y9Z6iYxUrGQUA9ZjkmTumYcZG9xLZLuvm0fGWj0em86vHo8NPnFD1pyyvW3GRuJLhKLGj4326hJa5JiQmrQje77+AaMU4rVCGrU+P/7Bap6Ao0RugsfqKFGbfEtyQHUznek26kY6QxPF7X5CyFpoP/uNEEYwSSyj6mZ4NybUJfFDpqyux7cPydzFxkALQfsgY3fx227uy7e41/cR9P3JhPiONugx8j64L2NrIXJ77Y2LZif1AEpgtVmRY2AdMj+v1tFS7c11gKsl08ja6K7Z3jgyjmwD15q1jlFjHHZQK6IW4TZw+0Ru00BXC66moafbp4W3voQdUbDGebIoQLB7dRu10UB0O6eaa6JVsZi0dvBjFYtJxa5hManYNSwmFbti5p+MnSRt3Qrzxj0a/wsqzGNL6qUH37NKFf+RtP4JZVuYyNp3x2SxdD22hAux8YUyosn8mNQDyHdkttsFfKfM8m1o3Z4zSmNDg+fZFBrErRRauXr6B5yzgXqphTofMJWM+mMwlYy6YzCVjJ5QvWKBE9xAMI+MntZgHNlMoYEFUsdRMY5MFvZmgloP1eu0m41ZMYZMFsUonP9bEmLwz3+jeM3CAI2A5N+LnQ2pmFemCq9mXpmMrRRWMrcVWxoJ6UhUz76onqRZEHXjpFkQ9eMSsShzh3UkDIyVuttBovqNdMUVU8nkFQProyfE2FBdLl+UqxoJqetFjYTU3RtbKIVYPnAALyjS8LdmupiMLTU68XOVjoRBUyF6gmhNhaiXH5XsaqQnaVU7IVEOE7A7eoYAMlCkZ8iErW8sWh9pM0RPkEk58yK9YSSsH00KbVOWgm51LfXEpOUQPZUmyfbotSJh7/hh+lYuyaTp3ihKfpbufPr+qxOfJ1QfyO/sKb9znCtarqullrmi5bq8T6R7ykU+2uiDEXQsSgpQWrP4EbQsSsDVlRP+XkPBydvTmYKDysnm2zXwiYwC25yyCg4qKduZqoKDUsp2qKrgWtFyYBo+kc5GW8ilrhnY5hYdqeAD87zJ8q1ZVNmRglMDbDVCFzaRrkcRepmp0UYjQM84BdLJHfqXCVCBkjK9Ch6p3jR5vcmMAJyCRt2bqPTJeC/qgAHPJ1m5Cg5O1EAdcCBVTOqAA2HaUk8ZCNOWekpCAArUv0SJ6x6of0EtjlJsG02Pbht3oebVZorAFDE2SAtRaJCRpdC6FXYUGrwUo9C6BfYQGlCD/PDNga4oY6rQugWOFLqmjKliV5QxVWjdHAM1GtD0KONLHWwwfY+aDehxFKi1gx5HgRpOB6qU1N4BuycT+TnYYMAJNUvC76G2Awg++3i7jA2OSWqXgOiTuUM52KCGMhRjHEDuiVjralrGi9hgJlhLNQOwfCLVaEDzyeQdHeyabKyB/ZebL6eX448F5uv96/HpfHqbMXx/u0At/1vzH2H80/94/fH0P19uzy9/enn8038+vjz/6bfuT//tP0//+/X435d/97fj+fk9+l8uneMcx35Y/q+b/vnP/wcVMmaU"
"ArtilleryTrain v1.00 by Bique","JCQ81","factorioblueprints.tech","[]","https://factorioblueprints.tech/blueprint/9fd94b95-3838-434b-af16-d1db9339757a","07/18/2022","0eJztnV9vIzeWxb9K4GdXIJJVrKq8zTzP2+7DAIsgkN2KW4ha8shyZhtBf/ct2W4V7eat87tOZnYXCDBAEo90dHl5Lnl5/5C/Xd3sHjf3x+3+9NPN4fDL1Q+/zX95uPrhv4r/PP9/29vD/vnPD9u7/Xp3/tvp8/3m6oer7Wnz6er6ar/+dP6v43q7u/pyfbXdf9j899UP4cu1/Mpp+s6+eTgd7osvRvDF9fG03e02x8/N6fF43JyKryfw9Z930z9PH4+Hf26O3yK0X368vtrsT9vTdvM88qf/+PzT/vHTzeY4De0CNIm+3zT/XO92E/j94WH6ymF//tkJponj99311efp38LwffflLNcboAiBegWUIFCngFoIlBRQB4GCAsoMKEhl9xBIKnuAQFLZIwSSyg4riCS1HSC3pbYD5LbUdoDcltoOkNta25DbWtmM2yuJw6gdJQ5jditxGLGzXB4ZrQeJw0gdpKIjI3WQmo6M1EGqOjJSB61rRuqglc1IHbWyIau1shmto1Y243WUyk6M2FEqOzFmJ6nsxJidpLITXK4LkXoDifoi816UDSTqjAxSJuiNFBSwkKA7Uvh+1uigP1I4fxYSdEgKSzFG10KHpPAjDZla6mxHKRP1toOUibrbkuMt5HiQHG+pUyI53lKPWzKzpS63tJbW73NbMlGnW3K8o0635HgHOR4kxzvI8SA53kGOB8nxDnJcUryDFJcM7yDDJcE7SHDJ7w7yW9K7g/SW7M6Q3ZLcmS7gUiLIbUnITKkthwadbykQI/ZKygNdb4nDaJ3kuLznSUseRupOydMzTmclT88o3Ut5GKMHKQ8j9CjlgXyWROzhYVJaRs8YHSQVe0bpIG2jZ5wOmoyM1EFax8BYHSQdBxgmkfYxwDCJJOQAwyTSQgbG7CgJOTBmR2kiA1yrJSEHGCaRJjK4wySWRDBMIk1khGESSciRMTtKExkZs6Mk5MiYHaWJjIzZSRJyZMxO0kRGxuwkmT1CN0Qye4TedaGkzkCiEZJBIYUVDZHMFGgtKOpi9xqKBkmyHqA/KWlKRUOBrZaKxgKjhqLBwKQHSKOBkqFhRcOBQUtFYyWaojhDqQ2HpiiDpihNUgZtODRNGTTbaaIyaLbjVKVmO0xWluEuc4A0LqjZDlOWZcDLlAqyXZMd5i0bzXWYuWw0P2HqstFGA3OXjSY6TF42mucwe9lobsL0ZaMNBuYvG01ymMBsNMdhBjNIkWAGcyUlghnMqIFgBlMPjfG700CM3q0eGmN31kCM3L0eGuP2oCVi1B61RJDZmpEwdxm0kcDcZdDkhrnLoNkNc5dBsxLmLoM2FJi7DJrgMHcZNMNh7jJoZsLcZdDGAnOXUXMc5i6j5jjMXUbNTJi7jNpaYO4yambC3GXU1gKTl1EzE2Yvo7YWmL6MmuMwfxk1x2ECM2mOwwxm0hyHKcykmQlzmElbC01iFopKFhSNrgwaikZXZkpFC4o64r2GotGVrAdIoyutlorGEqOEgonNMhJlQtFY4kpD+QuuTCgaXRk0lL/kyoSi0ZWsofxFVyYUja5oisJkZxnUMqFoLFGzHSY8y0iUCUVjiZrtMOlZRqJMKMh2zVCY92y02cDEZ6OpDjOfjWY6TH02mp0w99lok4HJz0bTHGY/G81ymP5sNMlh/rPRHIcJUCCStwjLBIIeugaCCVANxPitSQkToNpOYP5TLgIRZj/lGhBh7lMulRFmPuVKGWHeU28pEaY99Y4SYdZTb74RJj313hthzlO7KRGmPLWXEmHGUzt0ESY8tT8XYb5T+6sRpju1Ex1htlN79hEmO/VxI8Jcpz4DRZjq1AezSDszNcdhojNqjsM8Z9Qch3lOfUKPMM9ZhA2MA3qEec6k+QTznEX8yJQJ1mhpPsE8ZxE/MmWCXnihqGBB0fDKPHsrC4qGVwYtFXXEeykVTHaW8SNLKpjuLONHplQ0vNJqqWipVtJQ/hskzAHSYGLUUtFgYtBQ/lItE4qGV0YNRcMr2nBo72bhuphQ/lItE4qePDXbaftm4S+aUDSYqCmKGzi1DeIOTs123MKp2U57ODXZaQ+n5jrt4dT8pD2c2mhoD6cmOu3h1DynPZyam7SJUxsM7eLUJKdtnJrjMA8KgLyFWhYQzIJqddMkqAZi/Nb0hilQzW6YANWLAEx/6jUAJj/1UglTn3qlhIlPsA/AvCfYnGDaE+yYMOsJtnGY9ARuCsx5Ai+F9nVqgtPGTs1w2tmpmUlbO7WxwHQn8OxhthMcN2CyE5zMYK4TnKZgqhMcPGGmM2qO0w7PmePWsZO2eOq4Ae3x1HZHmzy13dEuT20tMNNZBJAsPcFMZ9LWAjOdRaTNlMldqWXK5K7UGi0k941Y5kVm1AsfpEzuMi1TJneVlimTu0jLRHLfiGXe+OYu0TKRaAgxidGlIuVZuxG3Fj0Sos1U/+aG3qVQzblv9/rqw/a4uX3+QFtFb73iBiFu5wRUw8+e4XtH3/uEVWMfHLL2TlFHp6hC1iKXyvBagRccYw+vBl+Fc5pRVMOFTlFWKwXNraoFNdHUai+BoEekNotEE6ujlIjtFbPvYQJ53SHzJk7oDUUJBJ0huU/Q3tF5bJap0N7R2e8wkdy+kHXpJe0dnc3ElMntC5kyUV+olUhuX8gcHfWFkpIJ51OTkqlIp95v7zeLuTMTI77CaE6H5u54eNx/WEQzx5YcaNncV3MVu3CA1g+nZrt/2BxP0/+1lHDKb6FjFbpziB1NsevY+bXYp+N6/3B/OJ6am82u6retTOHreum9PxCcPzAommmWjU4ZR5+IRdaW4Q9O/ODE7534Dit0mk2R71Vmk51Czwa5vr19/PS4W58ONdz4Im+VGq3D9lY+0ysywZ82H7aPn5rNbvrCcXvb3B92FSK/MYz9Znv38ebweDy/g9IO8bod8o/VH+qZJtpFRQxYEfYSVJ+oESOPPg13K0ou26DrwE6DW1g06/jRiW+vmXX8JNbM19tIFaJ1ipicInZOfOemWmSoFevmLA4jdOfc8kLrFH2gtJ4lZ2tmx00xOG2xyHXL9SMqRy4r1zJK/sJMtz5YwEx3zHJQMCIgYx4w061POvTOYulg0UuLgwSCEYGVHBqMCEgqwjx3kscl2tw7j81oP0+4t3eQSDQkcGGA0VyfaGfvbCamTDQk0EuZaEiglUjukIA5OhoSSBLJHRKwRjfwpbs4hLcoHF0mvg+79bG5X+83yxWtppiRQsn5LFPfy1BBQs3EZ17+fLjsKm5+DNfttOS0w6rq6hf58eVDz/gidV1mb1BAzw08gjT5Zeh1lOG9cllGUubJFydaGkmZJ19EWkkkaBJaJGgQWQIlNnvj0uSN3gODVpT3iCB3ziJhvjjQEJfMp0yWL+ldr0NFshyGCOLS4tGeF47xuh2H6uIxQmOQS3G7gsYQ1Ry3q4D3ntnnR1tPC5uKozKPFjYVS9emhT3F0rNpYUtxVOtjCzuK4yiB4AlAE8KbEzQl8p4ALIlgN3FSHltLL0+elWQ0ELb07uR53oymxpZenTyfJUyZ3CcAE8l9AjBH5z4BmEjuE4A5OvcJwJTJfQKwZIrOIo+iwS7psFNbJMOhjzxn5+K3+9zZ585tdY9ro/+QYNQOthF6Rc1XbyHWYZx+0ZwciiTw1kanl9RIq4nvPh6Y/HIeD1Id5ZXlHNd3k7uw3v+y5M0HpsLXYdHaFCudpZWCWEmI2UqO6w/rmluqKPsmnb5wpjCFUJkDuVK+bkJemKUsRwMPu+MSabwJ8CA3X2/GO+iZH9hAQ7e00CS3e28pvshnw2PJuLRcT6ec3FdTl22Z2Uble8nYd6p2DfuWtUcCu5ZjVjMNe5ajXFFhx7J2kWC/8uxJmhJ5cwAmkDcHYA7NewKwgGCncpJ+Fm1UnsdmtEi0tFG56ACxkNw5ABPJXRZojo6eAAaJRE8Agxyd/9FwC4meAOQOSV+cnWWy9ESfnJ1lMpFoi0Qnkegpt1N6ohc2z6c3Uyb/a1gWEuV4kkjut7DM0c0cn7ya7b6Z8O6rWaAXid4c/q4nAdbP/371l6/V/d/9fUK4Pewmj2b6+vGpA39aUsdhlXOK43g20bvzX2O/6oYhtsOYh/B0vcfN+c+r/uXTYwqrMJxzN+vz39vpb2mMoZv+EaYpzvUhQd+qOZ/wn8dUhSlKCLe70+SiLBWAvlq+X0cqr1++f/aMfrva7j9spm+YRWhfql5T7/XPijzWyjxPX+dxrP/cbNG7w9324TT9zu3HzeT63q8fHra/bpr74+HX7Qehi+ez2M10sPkhVH8mOlQ8ODVc6zp5+LiZ7MRQcXIIMzqFaV9NtyVB+zu0PmKle6MHcp/s3xy4Jhpvjs90tjDzkv5On+/PWNv9/ePpqvqDvWOq+nfz5ri5X2/Ph6rbX6wZe3f6koUpem8ZczbxqwmTwb2sdGJVOVetWqvKwDM/jQx8FLUBdEVcEn06FJ210Ye2LnoRJHn8VNsg50WvLm4rAJL4vrlh2PEaU3XeMuVWam60NeewVe+q6jHVt5UGepEabVsCa1RRh8CUPCwpeRzOteDXfaxbVlGqIJX81jH4o12V8Xf4DiHQXWz01lPLU/Ho2P/d7p7XGRl/hytQXJujlNg5hpycQy7UWYnzGcPODoHiv8IHKyo9/IpPWPHuKpDFJfg53GqvDvNStHggOucEzR2oW72n3Nswtg7eqiDjIZ275MM4CHe05EPFejp3yYcpEQz4qihdR0s+lKPfwZIPGe3rYMmHDPZ1tOQjKCBa8qG2kQ6WfCTl4Haw4kMGjjtY8JGk0cJ6j6SCTh0s90gqDtbBao8UpUQzs+/Wp9rp4aJnU5aS08f1tD6fmukf1RD985UUQZ8Au6LiQwlmja0o9TAgLgZrQgQ8tjjisRWVG0owS+mvbjgQgvVcsJajdhy1k8Nt1XAzhjCnUjL9EjQ2pRgwhCnFyDWcsIZf3XQgULkJJk7+wMn/6j55gcqZm7g9BM7cxO0hOGar46iO2coY1TFZPQZ1zBXfMBxTxQ2Lz1TL7YpPVIvNyoGJjcoxeGxSfJZabFCcTi02J877FhuTw0JbbEyOxaTFxuRY91psTI4lusPG5NhNOmxMjo2vw9bk2KM7bE4O16qoQ6l7JJfzv+XTdMo5uyBYLk2HbcXhiXbKW7uEEUyxlLN2QTBVg63A4ftnbAWOw1LGVpA4YbM6pVxOl5YCi1oUA0G5y1nxOymfPSt+X0ZhyuB9wsooievo++AXIKNIr8Ovgw9KIlpUNQqJ8Mvgo5AIvws+KIloRVVWEtGCqqwkovVUvQKi5VS9GhqtpuqURLRgsFMSea8RNIG8NypbQ6OvgF9O/iaQ9z5la2jDey4S/KbBplYW0Q2qJWJ+2MuUrpUQag3Anf8vzme1G6Irb8Vn7VGmPLSl56U7qtpK3RV5+N9RWpaWE2zd8K7ivWd2/DG5zK7IyfsHOsBxFsl2XkFnDrNqmsboPKV7o/rhGeybG6KNn0+/Q7kjVa63j69/BaxWmbeXHTjK5r79gUtFyuHxZJSkdJ7setNzsqCShm70FO1l/uu3h/3k7D8+KaI5Hm4OJmeK+w7rNVyXFZDMHkyqv1xGWV2cc5FTP0t+5pYV/qquprnIo4OLIA0hIsPISxiqPq7nqs2r1msY9vYO7CKvOp+djx4zzytPTUv4g60urxxWp/dBv9XllbNE9qICqF1nhewbD0L0sefwOzbxS4GS2GdycGziF9A/YBPPRYnB+4ud5Og8dXXpj/YUclG0QDpt68tsWbCAGm0NHzoHeB3RSylWfbEtihWMuzKDEkPdsB2jQuD3isboOXxl+sy9CFhk+si9iFdk+ByDijJk+BiDCntk+BSDCjFl+BCDijBl+AyDip1l+AiDCuZl+ARDUjYCH2BIQYwLPr+gop0ZvmWvwq8ZPmSfRPwlw1fskwgIZfiEfVIrEny/PkUljzfObVz+lPHT9YMCotHAryZm3GuV6bP1lzXRkog+Wn9ZzCyJ6JP1l/ikKRGNc7dKIhrnTkoiGudOSqLieOK7qol4uEWKX8U6TQHh7Yjzja/G1cu59dbFz9dGtd/Wxb9crVp1Cx1PFMxif3MLYVWjHb039BJxtdRRZvXZpbUmkiNYPvhG63iBZ7SQa4nX3EHP/aWOq9oMnr2PDjTZkrHqrHbei7PKlRXAe5/a6X3w721fhcpx2FjnosbruyvIvWDWKv3m3QHUk8qUm7nJtT7gBAdvcq2uU2e0e/QJ3WFt+Naf7LRAcw2qi/3em78gPL0GLC4scfm9ITA2c0VNgy+Ax+avh3uc3Cx7bm+XIBpbbXq+xYXkG3wLB68cp7IWAl3PbAK5n7AaFxyw8/XU9aupc4+DWJbb2Q94WqJplvUJd76oO58FADispJBnMFhIEXuF44xvWdMxwPhWVjjO+JY5LhgPCAoH9pit1LjgbXnKYxlgfCsqeWAw4DIw45mbPNJgwKCAaDBgFIvY6C16MyWiwQC1Po80GKB2uZGxegYyh+a9QswEomGupIbG1/O5eMoE816/cTmc9pV9zH6fpV853aPLGQo97t4XCX7fARO94davnNdoNCXRgfTpndJDeG+BTutTjjd20PngvbGD5IP3xg6iD95hrStrVmtOce9N6Tcrl+DBa7DBB6/fyF5euvrgtEnn8PHzvOasVW2xyLP73r71PX3bB6dRmqyuci9kqp3o047TGE1Tr0vNbTFZYtfJoq7JF+5KH53GZi7Q1XFH5+Zors91dKcdmjtvHd25NZpuQx3duTMOPnSnDY4+9HdG9JglxvdG9Ji/Fr3lbr5VNnrd2hAX3Fr75bA+veO2J2sRgJUL6jTWw8qFmJU8zkocUx7nTU+mPLASZ1TywEhFUDjOl73MccFIhThh9rBsISke0qqFy8BGC8jbnWcCeV/1Giwgb3eeKZG3O8+UyBuoMCXyvuhlSuQNVJhA3ve8zKE548zN2dH7/LxpgM2iWwnvbQ6jWBJ2nvRoSVIgnad/r6St9iCKmoRvqoQXyjBMJbQOSaMladXBfluesNSlFi311pGzl1vBxS1vdOHi6Hwjfn0KvaUJl7QjxPeansvysjfGMLiEzzLGoOw6e+N+pm3XBfTG/XofvMMgfStH5vaYfSJnz5LUWkLX2UYbc5+rCMY6I94Rz2NrXHaammsd6h3nFBcTeldnXV2n/UK3innAZ3PuqEkYXbPVt9QCzCWhjts5WeCjwXvf/IPCe4MG5mZUhx+cumldulFBvFc+Sw1h8JYA+VyVwRnGC8kH7ygM6lxrxIBj6RdgtlsMzvBdaH0a6RzrUugVOzLXr28tKt+OQHU4rjVjcNQPmYSuIyuLi8riYE1FLJ2QKo6zSMjEcRYJmeNyFgmZOM4iIRPHWSRk4jiLhEw9O4uETHmcRUKmPN4ioWBcQDasvFVCNpK3TCgYV5oN8PGAOdhlI3njb/bovJVCNpI3AmePzlsrZCN5Y3D26OATAlrhjOIzkDU2+ISAJhN8QmAGsoYGnxCYDcUEgr2eKzk02OwZpERw4ZY88j4hYA/Ne61hMDpZh+Dt9wxGL+sQaMPnoGSCXfnFAmci0eW7V6ODnfnFAmfK5H0t1pbJ2/VpI9HlO8nR0eU7SiS6fAeJRDkurQX26c/pCRMJdurPDbE2EuT45WxlI0GOB2l3MOvdXI6qNhLkeJB2BzPfc+7DRoIcD9JaaNt+kMykfftBWgtt3JcUpylwyXCaApcEpylwyW+aApf0pilwyW6aApeUxClwCUS5LYEgtaWNtIzZEqdjxJYD66DvLXHgLSsSh7FacrFjpJbG0TFOS2vtGKXl8tExRsv1rGOElgtsx/isl/wMCS0tIzNG6y02M0rrHTYzTmv3ITNSa48mM1ZrJwtekq/9PnhJvnZq4SX52qeFl+Rr1x9ekq89f3hJvj7WwEvy9UkLXpIfJSHhJfn6ZAsvydeHbXhJvj7/w0vyozQReEn+LJE5NMhsaWuwtXuOAFkSwd7uJG0NNnfP0S1TIudtb7ZE0LuelWQ0Qg+wwbsIkxmt0ANs8S7CZKZMNEDSS5logCRLmbxvQJgy4U7vJJFoEDBKJBoEXEkkGgQMEokGSCQzabv3vH2bSDRAIplJG75nb8lEogESzUwaBOwE0kjzlEExc6R5yqCsZaR5yqA4PtI8ZVAcH2meUlF8pGlKxfCRZikVwUeapFT8HmGOstGkhPRWdjLCHGUjyQ1zlI3kNsxRNpKQMEfZSBuBOUotECO2lgd63hIH1pZIHMZqSWqYnJSchqlJaa0wMSmXD5iWlOsZTErKBRamJPXmATOSeu+ACUm9McJ8pN6rYTpSuw8wGyk9mhEmI6WTNcJcpPT7RpiKlE7tCDOR0qcdaQOuJCTtwJUmAtOQ8lgzwiykPGmNMAkpD38jzEFGaSIwBxkls2EOUp61R5iDnAMJxlF7hDnIOW5jAsE6KUlImIOc4zamRN46KVMid52U0Rc+4j7cy7wZneEjzEIWASBLJpiHLMI2JpK7TsoaHcxFzs+S2kjuOilzdLROKkokGgZMcnQ0DBgkEg0DSo7DvGQRSjJloiESyXGYmixCSZZMMDdZhJJMmegxUnIcZieLoJQpEw0DSo7D/GQRSjJHR8OAkuP0Ge8gOU7f8dbE9JZJWWOj73hLWtJ3vKWl0He8JSnpO97STvA73lIiSG7JbfqOtyQkfcdb2ghMUQYpkLNKypKHJiiVPPTuaSkPY3UrcRipOzkuxuks5WGU7qU8jNGDlIcRepTyQD5rInrLpCyJYEoySErDjGSQnIYJySBJDfORQbIapiODpDXMRgbJa5iMDJLYMBcZJLNhKjJqQsIwiTKRsIKZyKgYOSHB5VoZyYQEIyWKkxMSLJVSZjIhwSigoveEBMOAit8TEowDKoJPSDAQqBg+IcGeYMBM59OYtkwwH5k0x2FCMmmO04zkrCijC3uCovGSy+wZjdgTFHW3By0VjZj0WioaMslaKhoz6bRUNDDYaqloZDBJqXALZZRS4R7KoKVy10/ZUtHIiWY7baMMmu20jzJoitJGyqANh3ZSBk1R2koZtOHgXkpNUdxMqQ0Hd1NqtuN2Ss122k+pyU77KTXXaT+lpjrtp9RMp/2Ump20n1KbDO2n1NzELyFLmWhHpSY5banUHIf5zJUWyVlTZUsEXXQtEcxnaokYv1stkbOuypaIsTtLiWAys5cSwVzmqIGctVX20GBwRVMbZjKD5jbMZAZNbpjJDJrdMJMZNCthJjNoQ6E9lprgtMlSM5x2WWqK0zZLzXGYyYya4zCTGTXHYSYzambCTGbU1gIzmVFzHGYyo+Y47bbUHKftlprjtN9SM5M2XGprgenMpDkO85lJcxwmNJNmJsxoJm0tNKV5UXk07rmaoGh0pddQNLrSSSiY2pwDNQtQ3ujKAhQ9b2q1wxznHHxYgKLRFaB2Gl0BaveWpixAQbYDrUOyA6VDrmud0zZMrXLahqk1DrOeKw0EnRYNxEjeaiBG8ayBfNn8BSDolANtQ6ccqNvZ+GAiBZj3DFLhAeY9g9R4oHlPqfFA855S44HmPYHGoVMONO7Mey4gOR8hW0By3oX8jPTj9dX2tPk0felm97i5P2735wvHd+ubzW7621++Xpv+3V/XD+cLvn/dHB+esOIQ2n6MfZen/7XDlwlm/2FzXvrOws1Y049ubw/78zt8v109bO/26935b6fP92dBn376IvZxvd1dzUjhjCS+cpq+s2+m8d4XX4zgi/OF8A8fN7vyZ1P12z/vHrcf5q/fHh8/bJrDK3nbszKfpmW7eR7v2zkqJmiS++7jqXkacs3lepqiJujb4yMGPef4IGjioD0GbTloh0E7DpowaOagfKJ6DMrnacCYfJpGjMln6VX9wzIon6XA7YnPUsD25MDE5uQYPLYmxyxhY+JsCtiWOOsDNiWHeQZsS46FJGBjcix5ERuTY3GO2Jgc20jExuTZ8LA1RT5Rrwox1re/LL5Q+PXAid5fKeoydoe77cNpe9vcftw8TEJv/vE4/XP5N8LTb9ysnzfll6/89PN2N33v2cn46i1dfmb/eLvbrI/Nz4+bs1JuD49nPyx9+bEm3Wye7KHlOSzxPPpXLy2nUP2N3qHblUu3w7t0u/pWtz3U7dmVPR0fn2Rqjoebw2nWcPfk+n71QWevdnO/3h6b+2nk82en01/xYeOsVP3sTNTKm0aXbxRfmPlXf1yoJv3rp44sUfpXn3r1sNAMWmXEyBkxeghRVOM4CDG+4gPiwdvjgxpxUdsD7ay1zWwy2tRWf6V4Auzx0/1SpUftDFmU+tS/Hha/3TqHGJcWkuuUqyPshIjLA/SuduOCiO11G6si9kLEYVHEAZtGaF2mwW3uEg9HwO17bG5Of//rbK6oNHII1v25Ofzvbg5FWRcz0kuEtGal1VXkVb2XsIXBZQvteyg3/Ht8vaKmrAibWV7zW6f5+qyq538vwoJ/u6r90Kvo6HF9N03/ev9LLc71MnLjFtXXNWcLQKsCR8ehBojaCulGiNPb0tHw698O6w/b/d13//EyByQSG94fid0dbg+fDqftrxtnPPZ2fbw7TEvU3STZ/6eAbDHghVRzs/o+tEOb+vM8Ho7bCe7FJFbfn6shbg+7w/H8reP5L2nVDUNMue3C9K2n5tQ74+83xt/X57+347BKYwzd9I/Q5pS/PJPm4fxLrxaASVWLEeJydhbORWqY2/2v058Ox8/nb3p3RLkNqq2PbXd4j7M3NrKZFZ8ZFqh8+dBIPlRES5c+ZXtG5adqb3N/+6mEPlXT97ef6tCnag/Ff/upHn0KqT4g3Uek+4h0H5HuI9J9RLqPSPcR6T4i3Uek+4h0n5DuE9J9QrpPSPcJ6T4h3Sek+4R0n5DuE9J9u6D7H6sH1WJVnXZic1dJaFNZTBcu/sC78efpWtwW/9wV/9wV/9wV/9wV/9wV/9wV9a44j2PpRIkOlPH/yIFyOkM/3H7cfHjcvRyi55Gd/ztc5+ITz8GFaqDo+uqf6+3pp2nz+/Cki2ewCep+fdz89HKqP5zjY19P+I8vk7HwmdP201m/p+3tLw/nJW/1ElOsifB3vwibT/enz++S4Ucc2vnPcywOBXSq4aLm5nD4pQb8hPvdr+H71eq7m8/f/XX7j8ezmOvb88z99LVab+F3v/wPqtipzw=="
